Nome da IES;Código e-MEC da IES;Organização Acadêmica da IES;UF da IES
CENTRO UNIVERSITÁRIO ANHANGUERA DE SÃO PAULO;10;Centro Universitário;SP
FACULDADE ANHANGUERA PITÁGORAS DE JUNDIAÍ;11;Faculdade;SP
UNIVERSIDADE PITÁGORAS UNOPAR;13;Universidade;PR
Faculdade de Ciencias Humanas e Sociais de Serra Talhada;27;Faculdade;PE
Faculdade UNIRB - ARACAJU;30;Faculdade;SE
FACULDADE ANHANGUERA DE PASSO FUNDO;67;Faculdade;RS
ESCOLA SUPERIOR DA AMAZÔNIA;68;Faculdade;PA
FACULDADE EDUCACIONAL DE PONTA GROSSA;73;Faculdade;PR
FACULDADE ANHANGUERA DE PORTO ALEGRE;76;Faculdade;RS
FACULDADE DO SUL;77;Faculdade;BA
FACULDADE ESTÁCIO DE FEIRA DE SANTANA;84;Faculdade;BA
FACULDADE ANHANGÜERA DE RIBEIRÃO PRETO;99;Faculdade;SP
FACULDADE DE MACAPÁ;109;Faculdade;AP
CENTRO UNIVERSITÁRIO SANT¿ANNA;125;Centro Universitário;SP
FACULDADE ANHANGUERA DE ANÁPOLIS;126;Faculdade;GO
Faculdade Pitagoras de Campina Grande;135;Faculdade;PB
FACULDADE UNIME DE CIÊNCIAS SOCIAIS;138;Faculdade;BA
Faculdade Estácio de Carapicuíba;139;Faculdade;SP
FACULDADE ANHANGÜERA DE SOROCABA;142;Faculdade;SP
FACULDADE ANHANGUERA DE TAGUATINGA;144;Faculdade;DF
CENTRO UNIVERSITÁRIO NEWTON PAIVA;146;Centro Universitário;MG
Centro Universitário da Amazônia;150;Centro Universitário;PA
CENTRO UNIVERSITÁRIO ESTÁCIO DE BRASÍLIA - ESTÁCIO BRASÍLIA;158;Centro Universitário;DF
FACULDADE PITÁGORAS DE IMPERATRIZ;159;Faculdade;MA
CENTRO UNIVERSITÁRIO CATÓLICO SALESIANO AUXILIUM;160;Centro Universitário;SP
CENTRO UNIVERSITÁRIO ESTÁCIO DE RIBEIRÃO PRETO;161;Centro Universitário;SP
UNIVERSIDADE REGIONAL DE BLUMENAU;163;Universidade;SC
Faculdade Anhanguera de Catanduva;165;Faculdade;SP
Faculdade Autônoma do Brasil - Cabo de Santo Agostinho;166;Faculdade;PE
CENTRO UNIVERSITÁRIO TOLEDO;167;Centro Universitário;SP
CENTRO UNIVERSITÁRIO CELSO LISBOA;170;Centro Universitário;RJ
FACULDADE ANHANGUERA DE BRASÍLIA;171;Faculdade;DF
Faculdade Pitagoras de Jacobina;176;Faculdade;BA
Faculdade Pitágoras de Jequié;197;Faculdade;BA
FACULDADE ANHANGÜERA DE CAMPINAS;202;Faculdade;SP
CENTRO UNIVERSITÁRIO DE ITAJUBÁ;203;Centro Universitário;MG
FACULDADES INTEGRADAS DE JAHU;206;Faculdade;SP
"FACULDADE DE CIÊNCIAS HUMANAS; ECONÔMICAS E DA SAÚDE";208;Faculdade;TO
FACULDADE TERRA NORDESTE;213;Faculdade;CE
Centro Universitário Dinâmica das Cataratas;214;Centro Universitário;PR
CENTRO UNIVERSITÁRIO DE GOIÁS;216;Centro Universitário;GO
Faculdade Estácio de Rio Preto;219;Faculdade;SP
FACULDADE DE MINAS BH;220;Faculdade;MG
CENTRO UNIVERSITÁRIO DE BRASÍLIA;221;Centro Universitário;DF
FACULDADE ANHANGÜERA DE DOURADOS;222;Faculdade;MS
Faculdade Anhanguera de São José do Rio Preto;224;Faculdade;SP
CENTRO UNIVERSITÁRIO UNINORTE;225;Centro Universitário;AC
Centro Universitário Regional do Brasil;234;Centro Universitário;BA
FACULDADE REGIONAL DE ALAGOINHAS;242;Faculdade;BA
FACULDADE PITÁGORAS DE SÃO LUIZ;254;Faculdade;MA
UNIVERSIDADE SANTO AMARO;266;Universidade;SP
INSTITUTO DE EDUCAÇÃO SUPERIOR RAIMUNDO SÁ;267;Faculdade;PI
FACULDADE ANHANGUERA DE NEGÓCIOS E TECNOLOGIAS DA INFORMAÇÃO;270;Faculdade;DF
FACULDADE ESAMC SOROCABA;271;Faculdade;SP
FACULDADE PITÁGORAS DE GOVERNADOR VALADARES;275;Faculdade;MG
FACULDADE DE COMPUTAÇÃO DE MONTES CLAROS;277;Faculdade;MG
"FACULDADE ANHANGUERA DE EDUCAÇÃO; CIÊNCIAS E TECNOLOGIA DE SOROCABA";278;Faculdade;SP
CENTRO UNIVERSITÁRIO UNIC;284;Centro Universitário;MT
Faculdade IDEAU de Passo Fundo;294;Faculdade;RS
FACULDADE ANHANGUERA DE GUARULHOS;296;Faculdade;SP
FACULDADE DE EDUCAÇÃO SÃO LUÍS;298;Faculdade;SP
FACULDADE CASTRO ALVES;302;Faculdade;BA
FACULDADE DE CIÊNCIAS JURÍDICAS E GERENCIAIS DE OLIVEIRA;307;Faculdade;MG
FACULDADE DE ENSINO SUPERIOR DA CIDADE DE FEIRA DE SANTANA;308;Faculdade;BA
INSTITUTO DE ENSINO SUPERIOR DE RIO VERDE;316;Faculdade;GO
FACULDADE ANHANGUERA DE ITAPECERICA DA SERRA;319;Faculdade;SP
FACULDADE SEQÜENCIAL;322;Faculdade;SP
CENTRO UNIVERSITÁRIO ANHANGÜERA;330;Centro Universitário;SP
FACULDADE ANHANGUERA PITÁGORAS VOTORANTIM;337;Faculdade;SP
Faculdade Pitágoras de Bacabal;339;Faculdade;MA
CENTRO UNIVERSITÁRIO UNIVERSUS VERITAS;343;Centro Universitário;RJ
FACULDADE CAPIVARI;344;Faculdade;SC
INSTITUTO MASTER DE ENSINO PRESIDENTE ANTÔNIO CARLOS;346;Faculdade;MG
FACULDADE MONTES BELOS;349;Faculdade;GO
FACULDADE DO VALE DO ITAPECURÚ;351;Faculdade;MA
FACULDADE SENAC PORTO ALEGRE - FSPOA;352;Faculdade;RS
FACULDADES INTEGRADAS RIO BRANCO;355;Faculdade;SP
FACULDADE UNINASSAU SÃO LUÍS;361;Faculdade;MA
CENTRO UNIVERSITÁRIO ANHANGUERA DE NITERÓI;363;Centro Universitário;RJ
FACULDADE SALESIANA MARIA AUXILIADORA;371;Faculdade;RJ
FACULDADE ESCRITOR OSMAN DA COSTA LINS;372;Faculdade;PE
UNIVERSIDADE DE FORTALEZA;373;Universidade;CE
FACULDADE RAIMUNDO MARINHO;374;Faculdade;AL
FACULDADE SÃO SALVADOR;375;Faculdade;BA
FACULDADE ORÍGENES LESSA;376;Faculdade;SP
FACULDADE PITÁGORAS DE MINAS GERAIS;383;Faculdade;MG
CENTRO UNIVERSITÁRIO ASSIS GURGACZ;384;Centro Universitário;PR
FACULDADES INTEGRADAS EINSTEIN DE LIMEIRA;385;Faculdade;SP
FACULDADE DE TECNOLOGIA ASSESSORITEC;386;Faculdade;SC
FACULDADE DE ENSINO SUPERIOR DE FLORIANO;387;Faculdade;PI
CENTRO UNIVERSITÁRIO DE PAULÍNIA;396;Centro Universitário;SP
Universidade Universus Veritas Guarulhos;398;Universidade;SP
FACULDADES INTEGRADAS POTENCIAL;402;Faculdade;SP
Centro Universitário UNIFACEAR;403;Centro Universitário;PR
FACULDADE DE TECNOLOGIA FTEC;404;Faculdade;RS
UNIVERSIDADE DO VALE DO PARAÍBA;405;Universidade;SP
UNIVERSIDADE VEIGA DE ALMEIDA;416;Universidade;RJ
UNIVERSIDADE DO GRANDE RIO PROFESSOR JOSÉ DE SOUZA HERDY;417;Universidade;RJ
FACULDADE FRASSINETTI DO RECIFE;423;Faculdade;PE
FACULDADE DE APUCARANA;430;Faculdade;PR
UNIVERSIDADE VILA VELHA;432;Universidade;ES
FACULDADE UNINASSAU JOÃO PESSOA;437;Faculdade;PB
CENTRO UNIVERSITÁRIO DA SERRA GAÚCHA;438;Centro Universitário;RS
FACULDADE UNINASSAU TERESINA;439;Faculdade;PI
FACULDADE UNA DE CATALÃO;440;Faculdade;GO
CENTRO DE ENSINO SUPERIOR DE ILHÉUS;446;Faculdade;BA
FACULDADE UNA DE UBERLÂNDIA;450;Faculdade;MG
CENTRO UNIVERSITÁRIO AMPARENSE;456;Centro Universitário;SP
FACULDADE SÃO SEBASTIÃO;457;Faculdade;SP
CENTRO UNIVERSITÁRIO CAMPO REAL;458;Centro Universitário;PR
UNIVERSIDADE SALGADO DE OLIVEIRA;461;Universidade;RJ
Faculdade Una de Sete Lagoas;466;Faculdade;MG
CENTRO UNIVERSITÁRIO FACENS;472;Centro Universitário;SP
FACULDADE RENOVAÇÃO DE LONDRINA;473;Faculdade;PR
INSTITUTO DE CIÊNCIAS DA SAÚDE;474;Faculdade;MG
CENTRO UNIVERSITÁRIO DE ENSINO SUPERIOR DO AMAZONAS;475;Centro Universitário;AM
FACULDADE IDEAU DE BAGÉ;481;Faculdade;RS
Faculdade Unida de Campinas Goiânia - FACUNICAMPS GOIÂNIA;483;Faculdade;GO
CENTRO UNIVERSITÁRIO DO TRIÂNGULO;489;Centro Universitário;MG
FACULDADE UNINASSAU PARNAÍBA;492;Faculdade;PI
CENTRO UNIVERSITÁRIO JORGE AMADO;493;Centro Universitário;BA
UNIVERSIDADE VALE DO RIO VERDE;494;Universidade;MG
FACULDADE DE CIÊNCIAS SOCIAIS APLICADAS DE SINOP;495;Faculdade;MT
CENTRO UNIVERSITÁRIO DE LINS;496;Centro Universitário;SP
UNIVERSIDADE DA AMAZÔNIA;502;Universidade;PA
FACULDADES INTEGRADAS DOS CAMPOS GERAIS;507;Faculdade;PR
FACULDADE CESUMAR ;508;Faculdade;PR
"FAI - CENTRO DE ENSINO SUPERIOR EM GESTÃO; TECNOLOGIA E EDUCAÇÃO";510;Faculdade;MG
Faculdade Doctum da Serra;513;Faculdade;ES
FACULDADE VALE DO SALGADO;514;Faculdade;CE
CENTRO UNIVERSITÁRIO IBMR;515;Centro Universitário;RJ
Faculdade Doctum de João Monlevade;516;Faculdade;MG
FACULDADE SOCIAL DA BAHIA;517;Faculdade;BA
FACULDADE IMPACTA DE TECNOLOGIA;518;Faculdade;SP
Centro Universitário Maurício de Nassau de Campina Grande;519;Centro Universitário;PB
FACULDADE DE TECNOLOGIA SENAC DF;521;Faculdade;DF
Faculdades Unificadas de Leopoldina;522;Faculdade;MG
CENTRO UNIVERSITÁRIO UNA;526;Centro Universitário;MG
UNIVERSIDADE TUIUTI DO PARANÁ;527;Universidade;PR
CENTRO UNIVERSITÁRIO ESPÍRITO-SANTENSE/FAESA;533;Centro Universitário;ES
CENTRO UNIVERSITÁRIO DE BELO HORIZONTE;544;Centro Universitário;MG
FACULDADE MONTESSORIANO DE SALVADOR;545;Faculdade;BA
CENTRO UNIVERSITARIO PROJEÇÃO;546;Centro Universitário;DF
FACULDADE DE TECNOLOGIA E CIÊNCIAS;555;Faculdade;PE
CENTRO UNIVERSITÁRIO UNIFTEC;606;Centro Universitário;RS
UNIVERSIDADE DO CEUMA - UNICEUMA;607;Universidade;MA
CENTRO UNIVERSITÁRIO DE VÁRZEA GRANDE;610;Centro Universitário;MT
CENTRO UNIVERSITÁRIO DAS FACULDADES METROPOLITANAS UNIDAS;621;Centro Universitário;SP
UNIVERSIDADE METODISTA DE PIRACICABA;624;Universidade;SP
FACULDADE DE CIÊNCIAS SOCIAIS APLICADAS DE BELO HORIZONTE;625;Faculdade;MG
UNIVERSIDADE ESTÁCIO DE SÁ;626;Universidade;RJ
FACULDADE DE MAUÁ - FAMA;627;Faculdade;SP
FACULDADE DE SÃO PAULO;631;Faculdade;SP
CENTRO UNIVERSITÁRIO DO RIO DE JANEIRO;636;Centro Universitário;RJ
FACULDADE DE SANTA LUZIA;638;Faculdade;MG
CONSERVATÓRIO BRASILEIRO DE MÚSICA - CENTRO UNIVERSITÁRIO BRASILEIRO DE EDUCAÇÃO;650;Centro Universitário;RJ
CENTRO UNIVERSITÁRIO DE PATOS DE MINAS;652;Centro Universitário;MG
ESCOLA SUPERIOR BATISTA DO AMAZONAS;657;Faculdade;AM
CENTRO UNIVERSITÁRIO ESTÁCIO DE SANTA CATARINA - ESTÁCIO SANTA CATARINA;661;Centro Universitário;SC
CENTRO UNIVERSITÁRIO DE SÃO PAULO - UNI SÃO PAULO;663;Centro Universitário;SP
FACULDADE DE SANTA BÁRBARA D'OESTE;664;Faculdade;SP
Faculdade Presidente Antônio Carlos de Conselheiro Lafaiete;665;Faculdade;MG
FACULDADE DE TECNOLOGIA E CIÊNCIAS DE ITABUNA;667;Faculdade;BA
Faculdade Dom Pedro II de Jequié;668;Faculdade;BA
CENTRO UNIVERSITÁRIO ESTÁCIO DA AMAZÔNIA;669;Centro Universitário;RR
FACULDADE EDUVALE DE AVARÉ;671;Faculdade;SP
FACULDADE PIO DÉCIMO;672;Faculdade;SE
Centro Universitário Sudoeste Paulista;673;Centro Universitário;SP
FACULDADE DO TRABALHO;674;Faculdade;MG
FACULDADE DE IBITINGA;682;Faculdade;SP
CENTRO UNIVERSITÁRIO METODISTA IZABELA HENDRIX;686;Centro Universitário;MG
INSTITUTO DE ENSINO SUPERIOR DA GRANDE FLORIANÓPOLIS;692;Faculdade;SC
Centro Universitário Estácio de Belo Horizonte - Estácio BH;701;Centro Universitário;MG
Faculdade Educacional Araucária;704;Faculdade;PR
Faculdade de Duque de Caxias;707;Faculdade;RJ
FACULDADE DE SALVADOR;712;Faculdade;BA
INSTITUTO DE ENSINO SUPERIOR DO ACRE;718;Faculdade;AC
FACULDADE DE MÚSICA CARLOS GOMES;721;Faculdade;SP
UNIVERSIDADE SÃO JUDAS TADEU;723;Universidade;SP
Centro Universitário Ruy Barbosa Wyden;727;Centro Universitário;BA
Centro Universitário Joaquim Nabuco de Recife;728;Centro Universitário;PE
FACULDADE UNINASSAU FORTALEZA;736;Faculdade;CE
CENTRO UNIVERSITÁRIO DOS GUARARAPES;738;Centro Universitário;PE
FACULDADE DO CENTRO LESTE;749;Faculdade;ES
CENTRO UNIVERSITÁRIO MAURÍCIO DE NASSAU DE MACEIÓ;750;Centro Universitário;AL
FACULDADE UNINASSAU JUAZEIRO DO NORTE;752;Faculdade;CE
CENTRO UNIVERSITÁRIO MAURÍCIO DE NASSAU;753;Centro Universitário;PE
FACULDADE DE DIREITO MILTON CAMPOS;754;Faculdade;MG
FACULDADE CENTRO MATO-GROSSENSE;757;Faculdade;MT
CENTRO UNIVERSITÁRIO DE JOÃO PESSOA;760;Centro Universitário;PB
Faculdade Estácio de Alagoas - Estácio FAL;763;Faculdade;AL
Faculdade Estácio Euro- Panamericana de Humanidades e Tecnologias - Estácio EUROPAN;778;Faculdade;SP
Centro Universitário Estácio do Ceará;780;Centro Universitário;CE
"Faculdade Uberlandense de Núcleos Integrados de Ensino; Serviço Social e Aprendizagem";781;Faculdade;MG
Faculdade AGES de Jacobina;788;Faculdade;BA
Centro de Ensino Unificado do Piauí;790;Faculdade;PI
FACULDADE UNINASSAU JABOATÃO DOS GUARARAPES;793;Faculdade;PE
UNIVERSIDADE CIDADE DE SÃO PAULO;794;Universidade;SP
CENTRO UNIVERSITÁRIO DO DISTRITO FEDERAL;796;Centro Universitário;DF
Centro Universitário Joaquim Nabuco de Paulista;798;Centro Universitário;PE
Centro Universitário Estácio de São Paulo;802;Centro Universitário;SP
FACULDADE DE FILOSOFIA CIÊNCIAS E LETRAS DOM BOSCO;809;Faculdade;RJ
FACULDADE DE SÃO VICENTE;810;Faculdade;SP
UNIVERSIDADE IGUAÇU;823;Universidade;RJ
CENTRO UNIVERSITÁRIO SÃO JOSÉ DE ITAPERUNA;824;Centro Universitário;RJ
FACULDADE DA REGIÃO DOS LAGOS;826;Faculdade;RJ
FACULDADE CATÓLICA RAINHA DA PAZ DE ARAPUTANGA;828;Faculdade;MT
FACULDADE MARIO SCHENBERG;832;Faculdade;SP
FACULDADE DE GESTAO E NEGOCIOS DE SALVADOR;839;Faculdade;BA
FACULDADE DO PANTANAL MATOGROSSENSE;840;Faculdade;MT
FACULDADE CAPITAL FEDERAL;846;Faculdade;SP
FACULDADE DE ENFERMAGEM SÃO VICENTE DE PAULA;847;Faculdade;PB
Estácio FIB - Centro Universitário Estácio da Bahia;848;Centro Universitário;BA
Faculdade Estácio do Amapá - Estácio Amapá;852;Faculdade;AP
UNIVERSIDADE CRUZEIRO DO SUL;861;Universidade;SP
Centro Universitário CEUNI - FAMETRO;862;Centro Universitário;AM
UNIVERSIDADE DE FRANCA;877;Universidade;SP
FACULDADE DE SABARÁ;878;Faculdade;MG
CENTRO UNIVERSITÁRIO CENECISTA DE OSÓRIO;881;Centro Universitário;RS
FACULDADE DO SUDESTE MINEIRO;882;Faculdade;MG
UNIVERSIDADE METODISTA DE SÃO PAULO;886;Universidade;SP
CENTRO UNIVERSITÁRIO SANTA RITA;891;Centro Universitário;SP
UNIVERSIDADE PAULISTA;898;Universidade;SP
Faculdade Integral Diferencial Wyden;905;Faculdade;PI
FACULDADE DO PIAUÍ;906;Faculdade;PI
UNIVERSIDADE ANHANGUERA;908;Universidade;MS
UNIVERSIDADE SALVADOR;916;Universidade;BA
FACULDADE SERGIPANA;918;Faculdade;SE
UNIVERSIDADE ANHANGUERA DE SÃO PAULO;923;Universidade;SP
FACULDADE DE AMERICANA;926;Faculdade;SP
UNIVERSIDADE DO SUL DE SANTA CATARINA;939;Universidade;SC
CENTRO UNIVERSITÁRIO DA FUNDAÇÃO EDUCACIONAL GUAXUPÉ;940;Centro Universitário;MG
CENTRO UNIVERSITÁRIO SALESIANO DE SÃO PAULO;944;Centro Universitário;SP
CENTRO UNIVERSITÁRIO ÍTALO-BRASILEIRO;945;Centro Universitário;SP
CENTRO UNIVERSITÁRIO DO RIO GRANDE DO NORTE;952;Centro Universitário;RN
INSTITUTO BELO HORIZONTE DE ENSINO SUPERIOR;976;Faculdade;MG
CENTRO UNIVERSITÁRIO DO INSTITUTO DE EDUCAÇÃO SUPERIOR DE BRASÍLIA - IESB;977;Centro Universitário;DF
FACULDADE METROPOLITANA DE ANÁPOLIS;983;Faculdade;GO
UNIVERSIDADE BRASIL;985;Universidade;SP
Faculdade UNIRB - NATAL;990;Faculdade;RN
Faculdades Sulamérica Bahia;994;Faculdade;BA
CENTRO UNIVERSITÁRIO DO NORTE;997;Centro Universitário;AM
ESCOLA SUPERIOR MADRE CELESTE;1012;Faculdade;PA
Centro Universitário Campo Limpo Paulista;1013;Centro Universitário;SP
CENTRO UNIVERSITÁRIO UNICENTRO AGES;1014;Centro Universitário;BA
CENTRO DE ENSINO SUPERIOR DE JUIZ DE FORA;1021;Faculdade;MG
UNIVERSIDADE REGIONAL INTEGRADA DO ALTO URUGUAI E DAS MISSÕES;1030;Universidade;RS
UNIVERSIDADE DE CRUZ ALTA;1032;Universidade;RS
UNIVERSIDADE POTIGUAR;1038;Universidade;RN
UNIVERSIDADE DE MOGI DAS CRUZES;1045;Universidade;SP
FACULDADE DE TECNOLOGIA E CIÊNCIAS;1046;Faculdade;BA
UNIVERSIDADE CATÓLICA DE BRASÍLIA;1049;Universidade;DF
INSTITUTO PERNAMBUCANO DE ENSINO SUPERIOR;1051;Faculdade;PE
INSTITUTO DE EDUCAÇÃO SUPERIOR DA PARAÍBA;1053;Faculdade;PB
INSTITUTO SALVADOR DE ENSINO E CULTURA;1055;Faculdade;BA
UNIVERSIDADE NOVE DE JULHO;1058;Universidade;SP
FACULDADE REGIONAL DE RIACHÃO DO JACUÍPE;1059;Faculdade;BA
FACULDADE DE ENSINO DE MINAS GERAIS;1060;Faculdade;MG
UNIVERSIDADE DE RIBEIRÃO PRETO;1063;Universidade;SP
FACULDADE DE CASCAVEL;1064;Faculdade;PR
Centro Universitário Tocantinense Presidente Antônio Carlos;1066;Centro Universitário;TO
FACULDADE PITÁGORAS DE DIVINÓPOLIS - FPD;1067;Faculdade;MG
FACULDADE ANHANGUERA DE VALINHOS;1068;Faculdade;SP
FACULDADE PITÁGORAS DE LONDRINA;1070;Faculdade;PR
FACULDADE DE TECNOLOGIA SENAC MINAS - UNIDADE BELO HORIZONTE;1075;Faculdade;MG
FACULDADE SUL-AMERICANA;1076;Faculdade;GO
FACULDADE UNIÃO BANDEIRANTE;1077;Faculdade;SC
FACULDADE ITEANA DE IBITINGA;1078;Faculdade;SP
FACULDADE CIDADE DE JOÃO PINHEIRO;1080;Faculdade;MG
UNIVERSIDADE DE CAXIAS DO SUL;1081;Universidade;RS
UNIVERSIDADE DA REGIÃO DA CAMPANHA;1084;Universidade;RS
UNIÃO DAS FACULDADES DOS GRANDES LAGOS;1085;Faculdade;SP
FACULDADES INTEGRADAS DO VALE DO RIBEIRA;1087;Faculdade;SP
UNIVERSIDADE CATÓLICA DOM BOSCO;1090;Universidade;MS
FACULDADE ANHANGÜERA DE SÃO JOSÉ;1092;Faculdade;SP
Faculdade Vértix Trirriense;1096;Faculdade;RJ
Faculdade Pitagoras de Eunapolis;1099;Faculdade;BA
FACULDADE ANHANGUERA DE TABOÃO DA SERRA;1100;Faculdade;SP
CENTRO UNIVERSITÁRIO DO NORTE PAULISTA;1107;Centro Universitário;SP
FACULDADES INTEGRADAS DE TRÊS LAGOAS;1113;Faculdade;MS
CENTRO UNIVERSITÁRIO ANHANGUERA DE SANTO ANDRÉ;1115;Centro Universitário;SP
Faculdade Pitágoras de Luis Eduardo Magalhães;1118;Faculdade;BA
FACULDADE ANHANGUERA DE CAXIAS DO SUL;1124;Faculdade;RS
FACULDADE REDENTOR DE CAMPOS;1129;Faculdade;RJ
Faculdade Santista - FASAN;1131;Faculdade;SP
Faculdade Pitágoras de Tucuruí;1139;Faculdade;PA
FACULDADE ANHANGUERA DE MATÃO;1141;Faculdade;SP
FACULDADE DE QUATRO MARCOS;1142;Faculdade;MT
UNIVERSIDADE DO OESTE PAULISTA;1143;Universidade;SP
CENTRO UNIVERSITÁRIO FAMINAS;1149;Centro Universitário;MG
FACULDADE SERRA DO CARMO;1151;Faculdade;TO
FACULDADES INTEGRADAS MACHADO DE ASSIS;1155;Faculdade;RS
FACULDADE ESTÁCIO DE FLORIANÓPOLIS - ESTÁCIO FLORIANÓPOLIS;1156;Faculdade;SC
FACULDADE PITÁGORAS DE BETIM;1157;Faculdade;MG
FACULDADE ANHANGUERA DE JOINVILLE;1160;Faculdade;SC
FACULDADE PITÁGORAS DE POÇOS DE CALDAS;1170;Faculdade;MG
CENTRO UNIVERSITÁRIO FILADÉLFIA;1173;Centro Universitário;PR
FACULDADE DOM BOSCO DE PORTO ALEGRE;1174;Faculdade;RS
CENTRO UNIVERSITÁRIO DE RIO PRETO;1175;Centro Universitário;SP
"FACULDADE DE TECNOLOGIA; EDUCAÇÃO SUPERIOR E PROFISSIONAL";1182;Faculdade;PI
Faculdade SOCIESC;1185;Faculdade;SC
CENTRO UNIVERSITÁRIO INTA;1187;Centro Universitário;CE
UNIVERSIDADE VALE DO RIO DOCE;1196;Universidade;MG
FACULDADE DE TECNOLOGIA DA SERRA GAÚCHA DE BENTO CONÇALVES;1201;Faculdade;RS
FACULDADE ALFREDO NASSER;1202;Faculdade;GO
FACULDADE UNINASSAU ALIANÇA;1208;Faculdade;PI
FACULDADE SANTA RITA;1213;Faculdade;MG
FACULDADES INTEGRADAS BARROS MELO;1219;Faculdade;PE
INSTITUTO SUPERIOR DE CIÊNCIAS APLICADAS - ISCA;1225;Faculdade;SP
FACULDADE DE TECNOLOGIA E NEGÓCIOS CARLOS DRUMMOND DE ANDRADE;1226;Faculdade;SP
Centro Universitário UNIFAAT;1227;Centro Universitário;SP
FACULDADE EDUCACIONAL DE DOIS VIZINHOS;1230;Faculdade;PR
FACULDADE SERRA DA MESA;1231;Faculdade;GO
FACULDADE PITÁGORAS INSTITUTO CAMILLO FILHO;1232;Faculdade;PI
FACULDADE SANTO ANTÔNIO DE PÁDUA;1233;Faculdade;RJ
CENTRO UNIVERSITÁRIO AUTÔNOMO DO BRASIL;1237;Centro Universitário;PR
FACULDADE UNINASSAU NATAL;1240;Faculdade;RN
CENTRO UNIVERSITÁRIO DOUTOR LEÃO SAMPAIO;1243;Centro Universitário;CE
FACULDADE DE TECNOLOGIA E CIÊNCIAS DE VITÓRIA DA CONQUISTA;1252;Faculdade;BA
FACULDADE DE SANTO ANDRÉ;1253;Faculdade;SP
FACULDADE DE CAIEIRAS;1254;Faculdade;SP
UNIVERSIDADE FUMEC;1255;Universidade;MG
UNIVERSIDADE PRESIDENTE ANTÔNIO CARLOS;1256;Universidade;MG
FACULDADE ANCHIETA DE ENSINO SUPERIOR DO PARANÁ;1258;Faculdade;PR
Faculdade Estácio de Cuiabá;1264;Faculdade;MT
FACULDADE DE CIÊNCIAS HUMANAS E EXATAS DO SERTÃO DO SÃO FRANCISCO;1267;Faculdade;PE
CENTRO UNIVERSITÁRIO CAMPOS DE ANDRADE;1270;Centro Universitário;PR
CENTRO UNIVERSITÁRIO FUNDAÇÃO SANTO ANDRÉ;1273;Centro Universitário;SP
UNIVERSIDADE ANHEMBI MORUMBI;1275;Universidade;SP
Faculdade Cândido Rondon;1276;Faculdade;MT
FACULDADE UNINASSAU CARUARU;1279;Faculdade;PE
Faculdade AGES de Jeremoabo;1280;Faculdade;BA
Faculdade AGES de Lagarto;1281;Faculdade;SE
FACULDADE DE CIÊNCIAS E EMPREENDEDORISMO;1290;Faculdade;BA
UNIVERSIDADE JOSÉ DO ROSÁRIO VELLANO;1291;Universidade;MG
Estácio FASE - Faculdade Estácio de Sergipe;1298;Faculdade;SE
CENTRO UNIVERSITÁRIO AUGUSTO MOTTA;1299;Centro Universitário;RJ
FACULDADE SENAC BLUMENAU;1301;Faculdade;SC
FACULDADE PROJEÇÃO DE CEILÂNDIA;1302;Faculdade;DF
FACULDADE DE CIÊNCIAS SOCIAIS APLICADAS DE EXTREMA;1304;Faculdade;MG
PONTIFÍCIA UNIVERSIDADE CATÓLICA DO PARANÁ;1305;Universidade;PR
FACULDADE ESTÁCIO DE NATAL;1307;Faculdade;RN
INSTITUTO ITAPETININGANO DE ENSINO SUPERIOR;1308;Faculdade;SP
FACULDADE ESAMC SANTOS;1309;Faculdade;SP
FACULDADE ARTHUR SÁ EARP NETO;1310;Faculdade;RJ
Centro Universitário FBV Wyden;1311;Centro Universitário;PE
CENTRO UNIVERSITÁRIO METROPOLITANO DE SÃO PAULO;1312;Centro Universitário;SP
Faculdade de Botucatu;1313;Faculdade;SP
CENTRO UNIVERSITÁRIO LEONARDO DA VINCI;1314;Centro Universitário;SC
Faculdade Leonardo da Vinci - Santa Catarina;1317;Faculdade;SC
Faculdade Unirb - Parnaíba;1318;Faculdade;PI
FACULDADE EDUCACIONAL ARAUCÁRIA;1319;Faculdade;PR
FACULDADE METROPOLITANA DA GRANDE RECIFE;1322;Faculdade;PE
CENTRO UNIVERSITÁRIO PLANALTO DO DISTRITO FEDERAL - UNIPLAN;1325;Centro Universitário;DF
FACULDADE DE DIREITO DE ITÚ;1327;Faculdade;SP
Centro Universitário Tiradentes de Pernambuco;1328;Centro Universitário;PE
CENTRO UNIVERSITÁRIO CESMAC;1330;Centro Universitário;AL
CENTRO UNIVERSITÁRIO DE ANÁPOLIS;1334;Centro Universitário;GO
FACULDADE CATÓLICA DO TOCANTINS;1336;Faculdade;TO
CENTRO DE ENSINO SUPERIOR DE UBERABA;1337;Faculdade;MG
FACULDADE PITÁGORAS DO MARANHÃO;1345;Faculdade;MA
FACULDADE DOM BOSCO;1346;Faculdade;PR
FACULDADE DOM PEDRO II DE TECNOLOGIA;1350;Faculdade;BA
FACULDADE ANHANGUERA DE CIÊNCIAS E TECNOLOGIA DE BRASÍLIA;1351;Faculdade;DF
FACULDADES INTEGRADAS DO EXTREMO SUL DA BAHIA;1353;Faculdade;BA
ESTÁCIO FATERN - FACULDADE ESTÁCIO DO RIO GRANDE DO NORTE;1355;Faculdade;RN
CENTRO UNIVERSITÁRIO ANHANGUERA DE CAMPO GRANDE;1364;Centro Universitário;MS
Centro Universitário Metrocamp Wyden;1371;Centro Universitário;SP
FACULDADES INTEGRADAS CESUMAR;1374;Faculdade;PR
CENTRO UNIVERSITÁRIO CENTRAL PAULISTA;1375;Centro Universitário;SP
PONTIFÍCIA UNIVERSIDADE CATÓLICA DE SÃO PAULO;1379;Universidade;SP
FACULDADE MATER DEI;1381;Faculdade;PR
FACULDADE IDEAU DE CAXIAS DO SUL;1382;Faculdade;RS
CENTRO UNIVERSITÁRIO UNIHORIZONTES;1388;Centro Universitário;MG
"FACULDADE DE FILOSOFIA; CIÊNCIAS E LETRAS DE CAJAZEIRAS";1394;Faculdade;PB
Faculdade Doctum de Vitória;1396;Faculdade;ES
UNIVERSIDADE IBIRAPUERA;1403;Universidade;SP
FACULDADE DE RIBEIRÃO PRETO;1409;Faculdade;SP
FACULDADE ESTÁCIO DE SÁ DE VILA VELHA;1410;Faculdade;ES
FACULDADE DE JANDIRA;1411;Faculdade;SP
FACULDADE SENAC CAÇADOR;1412;Faculdade;SC
Faculdade Presidente Antônio Carlos de Uberaba;1414;Faculdade;MG
FACULDADE ESTÁCIO DE SÁ DE OURINHOS;1417;Faculdade;SP
FACULDADE DE CIÊNCIAS E TECNOLOGIA DE VIÇOSA;1418;Faculdade;MG
FACULDADE UNIÃO ARARUAMA DE ENSINO S/S Ltda.;1419;Faculdade;RJ
FACULDADE DE COMUNICAÇÃO E TURISMO DE OLINDA;1422;Faculdade;PE
Centro Universitário Estácio do Recife;1423;Centro Universitário;PE
FACULDADE PARAÍBANA;1427;Faculdade;PB
FACULDADE ATENEU;1433;Faculdade;CE
FACULDADE PITÁGORAS DE UBERLÂNDIA;1434;Faculdade;MG
FACULDADE DE TECNOLOGIA CARLOS DRUMMOND DE ANDRADE;1436;Faculdade;SP
FACULDADE DE CIÊNCIAS SOCIAIS APLICADAS;1437;Faculdade;MT
FACULDADE DO INSTITUTO BRASIL;1438;Faculdade;GO
FACULDADE NATALENSE DE ENSINO E CULTURA;1439;Faculdade;RN
FACULDADE INTERNACIONAL SIGNORELLI;1440;Faculdade;RJ
CENTRO UNIVERSITÁRIO FLUMINENSE;1442;Centro Universitário;RJ
CENTRO UNIVERSITÁRIO SANTO AGOSTINHO;1444;Centro Universitário;PI
FACULDADE DE IPORÁ;1446;Faculdade;GO
FACULDADE DE TECNOLOGIA DE ALAGOAS;1449;Faculdade;AL
FACULDADE CIDADE DE PATOS DE MINAS;1450;Faculdade;MG
FACULDADE ANHANGUERA DE PELOTAS;1452;Faculdade;RS
Faculdade Pitágoras Itabira;1454;Faculdade;MG
FACULDADE ANHANGÜERA DE PIRACICABA;1455;Faculdade;SP
UNIVERSIDADE DE CUIABÁ;1456;Universidade;MT
FACULDADE CEARENSE;1457;Faculdade;CE
FACULDADE ANHANGUERA DE SANTA BÁRBARA;1459;Faculdade;SP
FACULDADE ANHANGUERA DE SUMARÉ;1461;Faculdade;SP
FACULDADE PITÁGORAS DE FEIRA DE SANTANA;1462;Faculdade;BA
UNIVERSIDADE CASTELO BRANCO;1463;Universidade;RJ
FACULDADE UNIÃO DE GOYAZES;1465;Faculdade;GO
Faculdade Pitágoras de Fortaleza;1467;Faculdade;CE
FACULDADE PITÁGORAS DE LINHARES;1468;Faculdade;ES
Faculdade Pitagoras de Maraba;1472;Faculdade;PA
Faculdade Dom Pedro II de Sergipe;1476;Faculdade;SE
FACULDADE EMPRESARIAL DE CHAPECÓ;1477;Faculdade;SC
FACULDADE MONTEIRO LOBATO;1478;Faculdade;RS
FACULDADE NOSSA SENHORA APARECIDA;1484;Faculdade;GO
FACULDADE ENIAC;1486;Faculdade;SP
FACULDADE PITÁGORAS DE GUARAPARI;1487;Faculdade;ES
FACULDADE ANHANGUERA DE OSASCO;1491;Faculdade;SP
CENTRO UNIVERSITÁRIO CHRISTUS;1492;Centro Universitário;CE
FACULDADE ESAMC UBERLÂNDIA;1494;Faculdade;MG
CENTRO UNIVERSITÁRIO SÃO JUDAS TADEU;1496;Centro Universitário;SP
FACULDADE SETELAGOANA DE CIÊNCIAS GERENCIAIS;1497;Faculdade;MG
CENTRO UNIVERSITÁRIO GERALDO DI BIASE;1498;Centro Universitário;RJ
FACULDADES INTEGRADAS DA VITÓRIA DE SANTO ANTÃO;1499;Faculdade;PE
Centro Universitário Favip Wyden;1500;Centro Universitário;PE
FACULDADE PITÁGORAS DE BELO HORIZONTE;1502;Faculdade;MG
FACULDADE SANTISSIMA TRINDADE;1504;Faculdade;PE
UNIVERSIDADE DE TAUBATÉ;1506;Universidade;SP
FACULDADE BATISTA DE MINAS GERAIS;1507;Faculdade;MG
FACULDADE PITÁGORAS DE MACEIÓ;1508;Faculdade;AL
FACULDADE DE CIÊNCIAS JURÍDICAS E SOCIAIS APLICADAS DO ARAGUAIA;1509;Faculdade;MT
FACULDADE DE TECNOLOGIA NOVA PALHOÇA;1510;Faculdade;SC
CENTRO UNIVERSITÁRIO SOCIESC;1513;Centro Universitário;SC
FACULDADE SATC;1514;Faculdade;SC
FACULDADE SÃO FRANCISCO DE ASSIS;1515;Faculdade;RS
FACULDADE SUMARÉ;1516;Faculdade;SP
CENTRO UNIVERSITÁRIO DE MARINGÁ - UNICESUMAR;1518;Centro Universitário;PR
INSTITUTO DE ENSINO SUPERIOR MÚLTIPLO;1519;Faculdade;MA
FACULDADE UNIRB - PIAUÍ;1520;Faculdade;PI
Faculdade Uninassau Fortaleza Savanah;1521;Faculdade;CE
FACULDADES UNIDAS DO VALE DO ARAGUAIA;1530;Faculdade;MT
Faculdade UNA de Betim;1532;Faculdade;MG
FACULDADES OSWALDO CRUZ;1536;Faculdade;SP
FACULDADE DO MARANHÃO;1538;Faculdade;MA
CENTRO UNIVERSITÁRIO DE VOLTA REDONDA;1540;Centro Universitário;RJ
FACULDADE VALE DO AÇO;1542;Faculdade;MA
FACULDADE NOVA ROMA;1545;Faculdade;PE
FACULDADE UNINASSAU LAURO DE FREITAS;1547;Faculdade;BA
INSTITUTO MUNICIPAL DE ENSINO SUPERIOR DE BEBEDOURO VICTÓRIO CARDASSI;1550;Faculdade;SP
Faculdade de Imperatriz Wyden;1552;Faculdade;MA
FACULDADE UNA DE NOVA SERRANA;1554;Faculdade;MG
FACULDADE DE ODONTOLOGIA DO NORTE DE MINAS;1556;Faculdade;MG
Faculdade Uninassau Olinda - Nassau Olinda;1557;Faculdade;PE
FACULDADE MARIA MILZA;1558;Faculdade;BA
FACULDADE DO SERTÃO BAIANO ;1561;Faculdade;BA
Centro Universitário Maurício de Nassau de Salvador;1562;Centro Universitário;BA
Faculdade Doctum de Vila Velha;1563;Faculdade;ES
FACULDADE CASTELO BRANCO;1565;Faculdade;ES
FACULDADE CATÓLICA DO RIO GRANDE DO NORTE;1568;Faculdade;RN
FACULDADE ANÍSIO TEIXEIRA DE FEIRA DE SANTANA;1569;Faculdade;BA
Faculdade Funorte de Januária;1571;Faculdade;MG
INSTITUTO SUPERIOR DOCTUM DE IPATINGA;1572;Faculdade;MG
FACULDADE METROPOLITANA;1573;Faculdade;RO
FACULDADE SANTA MARIA;1574;Faculdade;PB
FACULDADE UNINASSAU PARNAMIRIM;1575;Faculdade;RN
FACULDADE PROMOVE DE TECNOLOGIA;1577;Faculdade;MG
FACULDADE SÃO PAULO;1580;Faculdade;RO
Faculdade Villas Boas;1581;Faculdade;SP
FACULDADE SÃO PAULO;1586;Faculdade;SP
FACULDADE CAMPO GRANDE;1587;Faculdade;MS
PONTIFÍCIA UNIVERSIDADE CATÓLICA DE GOIÁS;1590;Universidade;GO
FACULDADE INTERNACIONAL DA PARAÍBA;1591;Faculdade;PB
CENTRO UNIVERSITÁRIO FACISA;1598;Centro Universitário;PB
FACULDADE DE MIRASSOL;1599;Faculdade;SP
CENTRO UNIVERSITÁRIO UNINOVAFAPI;1600;Centro Universitário;PI
CENTRO UNIVERSITÁRIO REDENTOR;1601;Centro Universitário;RJ
CENTRO REGIONAL UNIVERSITÁRIO DE ESPÍRITO SANTO DO PINHAL;1611;Centro Universitário;SP
Faculdade Presidente Antônio Carlos de Aimorés;1612;Faculdade;MG
FACULDADE DO GUARUJÁ;1613;Faculdade;SP
FACULDADE ESTÁCIO DE SÁ DE VITÓRIA;1618;Faculdade;ES
FACULDADE BIRIGUI;1619;Faculdade;SP
FACULDADE DE SUZANO;1621;Faculdade;SP
FACULDADE DOM LUIS DE ORLEANS E BRAGANÇA;1623;Faculdade;BA
CENTRO UNIVERSITÁRIO SÃO LUCAS;1624;Centro Universitário;RO
INSTITUTO INFNET RIO DE JANEIRO;1632;Faculdade;RJ
FACULDADE PROJEÇÃO DO GUARÁ;1639;Faculdade;DF
Faculdades Integradas Padrão;1640;Faculdade;BA
FACULDADE ICESP;1641;Faculdade;DF
FACULDADE DE TECNOLOGIA E CIÊNCIAS DA BAHIA;1642;Faculdade;BA
FACULDADE GUARAÍ;1643;Faculdade;TO
FACULDADE PARAÍSO DO CEARÁ;1644;Faculdade;CE
FACULDADES INTEGRADAS DE BAURU;1645;Faculdade;SP
UNIVERSIDADE CATÓLICA DO SALVADOR;1647;Universidade;BA
Faculdade Presidente Antônio Carlos de Ponte Nova;1652;Faculdade;MG
FACULDADE TRÊS DE MAIO;1655;Faculdade;RS
FACULDADE INTEGRADA BRASIL AMAZONIA - FIBRA;1656;Faculdade;PA
CENTRO UNIVERSITÁRIO ÁLVARES PENTEADO;1657;Centro Universitário;SP
Faculdade Padre Cícero;1658;Faculdade;CE
FACULDADE CATHEDRAL;1659;Faculdade;RR
FACULDADE DE PATO BRANCO;1660;Faculdade;PR
INSTITUTO SUPERIOR E CENTRO EDUCACIONAL LUTERANO - BOM JESUS - IELUSC;1661;Faculdade;SC
FACULDADE DE TECNOLOGIA ESTÁCIO DE CURITIBA;1666;Faculdade;PR
INSTITUTO DE ENSINO SUPERIOR DE FOZ DO IGUAÇU;1668;Faculdade;PR
FACULDADES INTEGRADAS PITÁGORAS;1669;Faculdade;MG
FACULDADES INTEGRADAS DE ARACRUZ;1670;Faculdade;ES
FACULDADE JARDINS;1672;Faculdade;SE
NOVA FACULDADE;1675;Faculdade;MG
CENTRO UNIVERSITÁRIO EURO-AMERICANO;1676;Centro Universitário;DF
UNIVERSIDADE DE SOROCABA;1680;Universidade;SP
INSTITUTO DE ENSINO SUPERIOR E FORMAÇÃO AVANÇADA DE VITÓRIA;1682;Faculdade;ES
FACULDADE INTERAMERICANA DE PORTO VELHO;1683;Faculdade;RO
Faculdade Estácio de Juazeiro;1685;Faculdade;BA
FACULDADE DE TECNOLOGIA E CIÊNCIAS DE FEIRA DE SANTANA;1689;Faculdade;BA
FACULDADE UNINASSAU MANAUS;1690;Faculdade;AM
UNIVERSIDADE PARANAENSE;1692;Universidade;PR
Faculdade dos Guararapes;1693;Faculdade;PE
FACULDADE MAURÍCIO DE NASSAU DE FLORIANÓPOLIS;1694;Faculdade;SC
FACULDADE UNINASSAU FEIRA DE SANTANA;1696;Faculdade;BA
FACULDADE DE SANTA CATARINA;1697;Faculdade;SC
FACULDADE LS;1699;Faculdade;DF
FACULDADES INTEGRADAS DE CATAGUASES;1700;Faculdade;MG
CENTRO UNIVERSITÁRIO DO SUL DE MINAS;1701;Centro Universitário;MG
FACULDADE PARANAENSE;1702;Faculdade;PR
Faculdade de Quixeramobim;1703;Faculdade;CE
FACULDADE DO LITORAL PARANAENSE;1706;Faculdade;PR
Faculdade Metropolitana de Horizonte;1707;Faculdade;CE
FACULDADE METROPOLITANA DE BLUMENAU;1708;Faculdade;SC
INSTITUTO TAUBATÉ DE ENSINO SUPERIOR;1709;Faculdade;SP
CENTRO UNIVERSITÁRIO BARRIGA VERDE;1710;Centro Universitário;SC
FACULDADE REGIONAL BRASILEIRA - MACEIÓ;1711;Faculdade;AL
FACULDADES INTEGRADAS DE ITAPETININGA;1713;Faculdade;SP
Faculdade Unirb - Barreiras;1714;Faculdade;BA
FACULDADE ARNALDO HORÁCIO FERREIRA;1716;Faculdade;BA
FACULDADE DE ENSINO SUPERIOR DE SÃO MIGUEL DO IGUAÇU;1717;Faculdade;PR
CENTRO UNIVERSITÁRIO NOSSA SENHORA DO PATROCÍNIO;1718;Centro Universitário;SP
Centro Universitário Fanor Wyden;1720;Centro Universitário;CE
CENTRO UNIVERSITÁRIO MÓDULO;1721;Centro Universitário;SP
Faculdade ICESP de Brasília;1722;Faculdade;DF
FACULDADE DE CIÊNCIAS BIOMÉDICAS DE CACOAL;1723;Faculdade;RO
UNIVERSIDADE TIRADENTES;1724;Universidade;SE
CENTRO UNIVERSITÁRIO SETE DE SETEMBRO;1726;Centro Universitário;CE
FACULDADE HORIZONTE;1728;Faculdade;DF
CENTRO UNIVERSITÁRIO SENAC;1731;Centro Universitário;SP
ESCOLA SUPERIOR DE CRICIÚMA - ESUCRI;1733;Faculdade;SC
FACULDADE ANHANGUERA DE VALPARAÍSO;1734;Faculdade;GO
FACULDADE DE AMPÉRE;1735;Faculdade;PR
FACULDADE DE SÃO JOSÉ DOS CAMPOS;1738;Faculdade;SP
INSTITUTO FLORENCE DE ENSINO SUPERIOR;1739;Faculdade;MA
FACULDADE ANHANGUERA JARAGUÁ DO SUL;1742;Faculdade;SC
INSTITUTO DE ENSINO SUPERIOR FUCAPI;1743;Faculdade;AM
CENTRO UNIVERSITÁRIO DO LESTE DE MINAS GERAIS;1745;Centro Universitário;MG
FUNVIC - FACULDADE DE PINDAMONHANGABA;1756;Faculdade;SP
FACULDADE METROPOLITANA DE CAMAÇARI;1758;Faculdade;BA
FACULDADE AVANTIS;1762;Faculdade;SC
FACULDADES INTEGRADAS DE PATOS;1765;Faculdade;PB
FACULDADE UNINASSAU BELÉM;1766;Faculdade;PA
CENTRO UNIVERSITÁRIO DA GRANDE DOURADOS;1767;Centro Universitário;MS
INSTITUTO ASSIS GURGACZ;1771;Faculdade;PR
FACULDADE DE EDUCAÇÃO E CULTURA DE VILHENA;1772;Faculdade;RO
FACULDADE PROMOVE DE SETE LAGOAS;1773;Faculdade;MG
FACULDADE BATISTA BRASILEIRA DO RECÔNCAVO;1774;Faculdade;BA
Faculdade de Tecnologia e Ciências;1775;Faculdade;SP
CENTRO UNIVERSITÁRIO SÃO MIGUEL;1776;Centro Universitário;PE
FACULDADE DE BOITUVA;1777;Faculdade;SP
FACULDADE SANTA AMÉLIA;1780;Faculdade;PR
FACULDADES INTEGRADAS SIMONSEN;1786;Faculdade;RJ
FACULDADES INTEGRADAS STELLA MARIS DE ANDRADINA;1789;Faculdade;SP
FACULDADE DE ADMINISTRAÇÃO E CIÊNCIAS CONTÁBEIS DE SÃO ROQUE;1790;Centro Universitário;SP
FACULDADE SUDOESTE PAULISTA-ITAPETININGA;1797;Faculdade;SP
CENTRO UNIVERSITÁRIO DE VOTUPORANGA;1798;Centro Universitário;SP
Centro Universitário Metropolitano de Maringá;1804;Centro Universitário;PR
"FATECE - FACULDADE DE TECNOLOGIA; CIÊNCIAS E EDUCAÇÃO";1805;Faculdade;SP
CENTRO UNIVERSITÁRIO UNIDOM - BOSCO;1815;Centro Universitário;PR
Faculdade de Ciências Educacionais de Capim Grosso;1817;Faculdade;BA
"FACULDADE BOAS NOVAS DE CIÊNCIAS TEOLÓGICAS; SOCIAIS E BIOTECNOLÓGICAS";1818;Faculdade;AM
Faculdade Cesar;1819;Faculdade;PE
FACULDADE DE ROSEIRA;1822;Faculdade;SP
FACULDADE METROPOLITANA DE PALHOÇA;1825;Faculdade;SC
FACULDADE ASA DE BRUMADINHO;1830;Faculdade;MG
Centro de Ensino Superior Riograndese;1831;Faculdade;RS
FACULDADE MAUÁ DE BRASÍLIA;1834;Faculdade;DF
CENTRO UNIVERSITÁRIO ASSUNÇÃO;1835;Centro Universitário;SP
FACULDADE EVANGÉLICA DE GOIANÉSIA;1836;Faculdade;GO
FACULDADE DE FILOSOFIA E CIÊNCIAS HUMANAS DE GOIATUBA;1838;Faculdade;GO
ESCOLA DE ENSINO SUPERIOR FABRA;1840;Faculdade;ES
CLARETIANO - FACULDADE - CLARETIANORC;1841;Centro Universitário;SP
FACULDADES INTEGRADAS SANTA CRUZ DE CURITIBA;1842;Faculdade;PR
FACULDADE ESTÁCIO DO AMAZONAS - ESTÁCIO AMAZONAS;1844;Faculdade;AM
CENTRO UNIVERSITÁRIO CURITIBA;1846;Centro Universitário;PR
FACULDADE MICHELANGELO;1847;Faculdade;DF
CENTRO UNIVERSITÁRIO UNIVEL;1850;Centro Universitário;PR
FACULDADE INEDI;1852;Faculdade;RS
INSTITUTO NACIONAL DE ENSINO SUPERIOR E PÓS-GRADUAÇÃO PADRE GERVÁSIO;1853;Faculdade;MG
FACULDADES INTEGRADAS PAULISTA;1854;Faculdade;SP
Faculdade de Tecnologia e Ciências;1856;Faculdade;BA
FACULDADE INDEPENDENTE DO NORDESTE;1857;Faculdade;BA
CENTRO UNIVERSITÁRIO DE CARATINGA;1858;Centro Universitário;MG
INSTITUTO PARAIBANO DE ENSINO RENOVADO;1860;Faculdade;PB
Centro Universitário de Itapira Uniesi;1862;Centro Universitário;SP
Faculdade Estácio do Pará - Estácio FAP;1867;Faculdade;PA
UNIVERSIDADE NILTON LINS;1869;Universidade;AM
FACULDADE CIÊNCIAS DA VIDA;1872;Faculdade;MG
Faculdade CESUMAR de Londrina;1879;Faculdade;PR
INSTITUTO UNIFICADO DE ENSINO SUPERIOR OBJETIVO;1881;Faculdade;GO
FACULDADE SÃO FRANCISCO DE JUAZEIRO;1883;Faculdade;BA
FACULDADE FUCAPE;1884;Faculdade;ES
Faculdade NETCOM;1885;Faculdade;MA
FACULDADE ANHANGUERA DE PINDAMONHANGABA;1886;Faculdade;SP
FACULDADE DE CIÊNCIAS AGRÁRIAS E DA SAÚDE;1892;Faculdade;BA
FACULDADE ESTÁCIO MACAPÁ - ESTÁCIO MACAPÁ;1893;Faculdade;AP
FACULDADE ANHANGUERA DE SERTÃOZINHO;1894;Faculdade;SP
FACULDADE ANHANGUERA DE TAUBATÉ;1895;Faculdade;SP
FACULDADE DELTA;1898;Faculdade;BA
ESCOLA SUPERIOR SÃO FRANCISCO DE ASSIS;1899;Faculdade;ES
UNIVERSIDADE SANTA CECÍLIA;1900;Universidade;SP
CENTRO UNIVERSITÁRIO CLARETIANO;1903;Centro Universitário;SP
FACULDADE SANTO AGOSTINHO DE SETE LAGOAS;1908;Faculdade;MG
FACULDADE ANHANGUERA DE LIMEIRA;1909;Faculdade;SP
Faculdade Anhanguera de Marilia;1910;Faculdade;SP
Centro Universitário Eniac;1913;Centro Universitário;SP
Faculdade Única de Contagem;1917;Faculdade;MG
CENTRO UNIVERSITÁRIO FUNDAÇÃO DE ENSINO OCTÁVIO BASTOS - FEOB;1918;Centro Universitário;SP
Faculdade Martha Falcão Wyden;1923;Faculdade;AM
FACULDADE KENNEDY DE MINAS GERAIS - FKMG;1926;Faculdade;MG
Centro Universitário União das Américas;1927;Centro Universitário;PR
Centro Universitário IBMEC;1928;Centro Universitário;RJ
FACULDADES INTEGRADAS VIANNA JÚNIOR;1930;Faculdade;MG
FACULDADE PARA O DESENVOLVIMENTO SUSTENTÁVEL DA AMAZÔNIA;1931;Faculdade;PA
FACULDADES INTEGRADAS RUI BARBOSA;1933;Faculdade;SP
FACULDADE APOGEU;1934;Faculdade;DF
CENTRO UNIVERSITÁRIO FAI;1938;Centro Universitário;SC
CHRISTUS FACULDADE DO PIAUÍ;1941;Faculdade;PI
FACULDADE PROMOVE DE BELO HORIZONTE;1945;Faculdade;MG
FACULDADE PIAGET;1948;Faculdade;SP
FACULDADE IDEAU DE GETÚLIO VARGAS;1949;Faculdade;RS
INSTITUIÇÃO DE ENSINO SÃO FRANCISCO;1950;Faculdade;SP
INSTITUTO MUNICIPAL DE ENSINO SUPERIOR DE ASSIS;1952;Faculdade;SP
Faculdade de Ciências e Saúde Edufor;1956;Faculdade;MA
FACULDADE ALDETE MARIA ALVES;1961;Faculdade;MG
FACULDADES INTEGRADAS DO NORTE DE MINAS - FUNORTE;1962;Faculdade;MG
CENTRO UNIVERSITÁRIO UNA DE BOM DESPACHO;1964;Centro Universitário;MG
FACULDADE DE ADMINISTRAÇÃO E NEGÓCIOS DE SERGIPE;1965;Faculdade;SE
FOCCA - FACULDADE DE OLINDA;1967;Faculdade;PE
CENTRO UNIVERSITÁRIO UNICARIOCA;1968;Centro Universitário;RJ
FACULDADE EDUCACIONAL DE ARAPOTI;1972;Faculdade;PR
FACULDADES INTEGRADAS DE CACOAL;1973;Faculdade;RO
ESCOLA SUPERIOR DE TECNOLOGIA E EDUCAÇÃO DE RIO CLARO;1974;Faculdade;SP
FACULDADE UNINABUCO SÃO LOURENÇO DA MATA;1978;Faculdade;PE
CENTRO TÉCNICO-EDUCACIONAL SUPERIOR DO OESTE PARANAENSE;1980;Faculdade;PR
Escola de Direito e de Administração Pública do IDP;1984;Faculdade;DF
FACULDADE SANTA RITA DE CÁSSIA;1986;Faculdade;GO
INSTITUTO DE ENSINO SUPERIOR DE RONDÔNIA;1988;Faculdade;RO
FACULDADE SENAC PERNAMBUCO;1992;Faculdade;PE
ESCOLA SUPERIOR DOM HELDER CÂMARA;1996;Faculdade;MG
FACULDADE SANTO AGOSTINHO DE VITÓRIA DA CONQUISTA;1998;Faculdade;BA
FACULDADE DE SANTA CRUZ DA BAHIA;2005;Faculdade;BA
FACULDADE DE EDUCAÇÃO CIÊNCIAS E ARTES DOM BOSCO DE MONTE APRAZÍVEL;2009;Faculdade;SP
"FACULDADE DE TECNOLOGIA EM HOTELARIA; GASTRONOMIA E TURISMO DE SÃO PAULO";2014;Faculdade;SP
FACULDADE CESUMAR DE PONTA GROSSA;2021;Faculdade;PR
FACULDADE FUNORTE DE JANAÚBA;2022;Faculdade;MG
FACULDADE DE PARÁ DE MINAS;2023;Faculdade;MG
Faculdade de Tecnologia e Ciências;2027;Faculdade;BA
FACULDADE DE PRESIDENTE VENCESLAU;2030;Faculdade;SP
FACULDADE BARÃO DE PIRATININGA;2035;Faculdade;SP
FACULDADE FLEMING;2036;Faculdade;SP
FACULDADE ADVENTISTA PARANAENSE;2037;Faculdade;PR
ESCOLA SUPERIOR PAULISTA DE ADMINISTRAÇÃO - ESPA;2039;Faculdade;SP
FACULDADE DE RANCHARIA;2040;Faculdade;SP
Faculdade Presidente Antônio Carlos de Uberlândia;2042;Faculdade;MG
Faculdade Presidente Antônio Carlos de Itabirito;2043;Faculdade;MG
FACULDADE SALESIANA DOM BOSCO;2045;Faculdade;AM
FACULDADE ESTÁCIO DE SÁ DE GOIÁS;2056;Faculdade;GO
CENTRO UNIVERSITÁRIO TABOSA DE ALMEIDA;2058;Centro Universitário;PE
CENTRO UNIVERSITÁRIO DO PLANALTO DE ARAXÁ;2067;Centro Universitário;MG
CENTRO UNIVERSITÁRIO DE BARRA MANSA;2075;Centro Universitário;RJ
FACULDADE SINERGIA;2076;Faculdade;SC
"FACULDADE DE FILOSOFIA; CIÊNCIAS E LETRAS DO ALTO SÃO FRANCISCO";2079;Faculdade;MG
FACULDADE DE INTEGRAÇÃO DO SERTÃO;2084;Faculdade;PE
FACULDADE FINOM DE PATOS DE MINAS;2085;Faculdade;MG
"Faculdade de Ciências; Educação; Saúde; Pesquisa e Gestão";2086;Faculdade;RJ
FACULDADE UNINABUCO JOÃO PESSOA;2096;Faculdade;PB
Faculdades Integradas Desembargador Sávio Brandão;2102;Faculdade;MT
FACULDADE VITORIANA DE TECNOLOGIA;2111;Faculdade;ES
FACULDADE DE CIÊNCIAS APLICADAS E SOCIAIS DE PETROLINA;2113;Faculdade;PE
FACULDADE CENECISTA DE VILA VELHA;2117;Faculdade;ES
FACULDADE DE TECNOLOGIA LOURENÇO FILHO;2122;Faculdade;CE
INSTITUTO MATONENSE MUNICIPAL DE ENSINO SUPERIOR;2124;Faculdade;SP
ESCOLA DE SOCIOLOGIA E POLÍTICA DE SÃO PAULO;2131;Faculdade;SP
FACUDADE IEDUCARE - FIED;2132;Faculdade;CE
CENTRO UNIVERSITÁRIO INTERNACIONAL;2133;Centro Universitário;PR
INSTITUTO SUPERIOR DE EDUCAÇÃO DE GUARATUBA;2135;Faculdade;PR
FACULDADE NOVO MILÊNIO;2145;Faculdade;ES
ESCOLA SUPERIOR DE PROPAGANDA E MARKETING DE PORTO ALEGRE;2146;Faculdade;RS
FI - FACULDADE IGUAÇU;2147;Faculdade;PR
Faculdade Unirb - Feira de Santana;2148;Faculdade;BA
FACULDADE ESPÍRITO SANTENSE;2149;Faculdade;ES
UNIVERSIDADE CATÓLICA DE PERNAMBUCO;2150;Universidade;PE
FACULDADE DO RECIFE;2154;Faculdade;PE
Faculdade UNIRB - ARAPIRACA;2158;Faculdade;AL
UNIVERSIDADE DE GURUPI;2163;Universidade;TO
CENTRO SUPERIOR DE ENSINO E PESQUISA DE MACHADO;2165;Faculdade;MG
FACULDADE DO SUL DA BAHIA;2168;Faculdade;BA
FACULDADE METROPOLITANA SÃO CARLOS BJI;2171;Faculdade;RJ
CENTRO UNIVERSITÁRIO TIRADENTES;2173;Centro Universitário;AL
CENTRO DE ENSINO SUPERIOR DE PALMAS;2174;Faculdade;TO
FACULDADE DO VALE DO JAGUARIBE;2175;Faculdade;CE
FACULDADE JUIZ DE FORA;2183;Faculdade;MG
CENTRO UNIVERSITÁRIO CATÓLICO DE VITÓRIA;2184;Centro Universitário;ES
FACULDADE DO NORTE GOIANO;2186;Faculdade;GO
INSTITUTO DE ENSINO SUPERIOR DE TERESINA;2189;Faculdade;PI
FACULDADE EVANGÉLICA DE RUBIATABA;2191;Faculdade;GO
FACULDADE TECSOMA;2194;Faculdade;MG
FACULDADE GAMA E SOUZA;2197;Faculdade;RJ
CENTRO UNIVERSITÁRIO PRESIDENTE TANCREDO DE ALMEIDA NEVES;2198;Centro Universitário;MG
Faculdade Anhanguera Franca;2200;Faculdade;SP
Faculdade Pitágoras de João Pessoa;2202;Faculdade;PB
FACULDADE DE EDUCAÇÃO E MEIO AMBIENTE;2220;Faculdade;RO
FACULDADE SANTO AGOSTINHO;2222;Faculdade;MG
FACULDADE ESTÁCIO DO RIO GRANDE DO SUL - ESTÁCIO FARGS;2229;Faculdade;RS
FACULDADE ASSOCIADA BRASIL;2233;Faculdade;SP
Faculdade Anhanguera de Indaiatuba;2240;Faculdade;SP
FACULDADE ANHANGUERA DE JACAREÍ;2241;Faculdade;SP
INSTITUTO DE ENSINO SUPERIOR DE CUIABÁ;2242;Faculdade;MT
FACULDADE DE CIÊNCIAS SOCIAIS E HUMANAS SOBRAL PINTO;2243;Faculdade;MT
INSTITUTO SUPERIOR DE EDUCAÇÃO DE CAXIAS;2244;Faculdade;MA
Centro Universitário de Ciências e Tecnologia do Maranhão;2245;Centro Universitário;MA
FACULDADE ESTÁCIO DE JOÃO PESSOA - ESTÁCIO DE JOÃO PESSOA;2248;Faculdade;PB
FACULDADE NOBRE DE FEIRA DE SANTANA;2257;Faculdade;BA
Faculdade Ideal Wyden;2264;Faculdade;PA
FACULDADE FIGUEIREDO COSTA - FIC;2270;Faculdade;AL
FACULDADE SÃO LUÍS;2271;Faculdade;SC
FACULDADE POLITÉCNICA DE CAMPINAS;2275;Faculdade;SP
Faculdade de Tecnologia Alvares de Azevedo;2279;Faculdade;SP
Faculdade Presidente Antônio Carlos de Lambari;2288;Faculdade;MG
Faculdade do Centro Leste - Cariacica;2297;Faculdade;ES
FACULDADE METROPOLITANA DO LITORAL RIO GRANDENSE;2311;Faculdade;RS
FACULDADE JANGADA;2312;Faculdade;SC
FACULDADE HERRERO;2319;Faculdade;PR
FACULDADE DE TECNOLOGIA DE JACAREÍ;2324;Faculdade;SP
FACULDADE METROPOLITANA DA AMAZÔNIA;2328;Centro Universitário;PA
FACULDADES INTEGRADAS SÃO PEDRO;2330;Faculdade;ES
Faculdade Ibiapaba;2334;Faculdade;CE
Faculdade Galileu;2336;Faculdade;SP
FACULDADE MARECHAL RONDON;2343;Faculdade;SP
FACULDADE IMACULADA CONCEIÇÃO DO RECIFE;2344;Faculdade;PE
FACULDADES INTEGRADAS DE TANGARÁ DA SERRA;2348;Faculdade;MT
FACULDADE CIDADE VERDE;2350;Faculdade;PR
FACULDADE DE PRESIDENTE PRUDENTE;2351;Faculdade;SP
FACULDADE DE CIÊNCIAS GERENCIAIS PADRE ARNALDO JANSSEN;2355;Faculdade;MG
Faculdade Santa Teresa;2365;Faculdade;AM
FACULDADE SENAC PALHOÇA;2380;Faculdade;SC
FACULDADE DO ESTADO DO MARANHÃO;2397;Faculdade;MA
CENTRO UNIVERSITÁRIO ETEP;2399;Centro Universitário;SP
FACULDADE DA CIDADE DE MACEIÓ;2402;Faculdade;AL
FACULDADE JK - PLANO PILOTO;2408;Faculdade;DF
FACULDADE SANTO ANTONIO;2409;Faculdade;BA
FACULDADE ITEANA DE BOTUCATU;2410;Faculdade;SP
FACULDADE ANHANGÜERA DE BAURU;2413;Faculdade;SP
Faculdade Pitágoras de Vitória da Conquista;2420;Faculdade;BA
FACULDADE DE SORRISO;2423;Faculdade;MT
FACULDADE DE TECNOLOGIA DE CURITIBA;2426;Faculdade;PR
FAL ESTÁCIO - FACULDADE ESTÁCIO DE NATAL;2428;Faculdade;RN
FACULDADE ANHANGUERA DE SÃO BERNARDO;2431;Faculdade;SP
Faculdade Estácio da Paraíba;2437;Faculdade;PB
FACULDADE DE TECNOLOGIA ÁLVARES DE AZEVEDO;2440;Faculdade;SP
FACULDADE DO FUTURO;2442;Faculdade;MG
FACULDADE PITÁGORAS DE TEIXEIRA DE FREITAS;2443;Faculdade;BA
Faculdade Anhanguera de Jaú;2444;Faculdade;SP
Faculdade Anhanguera de Nova Iguaçu;2450;Faculdade;RJ
INSTITUTO DE ENSINO SUPERIOR DE AMERICANA;2459;Faculdade;SP
FACULDADE PITÁGORAS DE CONTAGEM;2460;Faculdade;MG
CENTRO UNIVERSITÁRIO DO CERRADO-PATROCÍNIO;2462;Centro Universitário;MG
Faculdade Cosmopolita;2466;Faculdade;PA
FACULDADE PITÁGORAS DE IPATINGA;2470;Faculdade;MG
FACULDADE DE VIÇOSA;2474;Faculdade;MG
Centro Universitário FG;2494;Centro Universitário;BA
FACULDADE DE TECNOLOGIA E CIENCIAS DO NORTE DO PARANÁ;2497;Faculdade;PR
FACULDADE DE AGUDOS;2501;Faculdade;SP
FACULDADE BATISTA BRASILEIRA;2511;Faculdade;BA
Centro Universitário Fametro;2530;Centro Universitário;CE
INSTITUTO TECNOLÓGICO E DAS CIÊNCIAS SOCIAIS APLICADAS E DA SAÚDE DO CENTRO EDUC. N. SRª AUXILIADORA;2548;Faculdade;RJ
FACULDADE DE DIREITO E CIÊNCIAS SOCIAIS DO LESTE DE MINAS - FADILESTE;2553;Faculdade;MG
Centro Universitário Carlos Drummond de Andrade;2554;Centro Universitário;SP
"FACULDADES UNIDAS DE PESQUISA; CIÊNCIAS E SAÚDE LTDA";2560;Faculdade;BA
FACULDADE UNA DE CONTAGEM;2565;Faculdade;MG
Faculdade Assis Gurgacz;2566;Faculdade;PR
Faculdade Única de Ipatinga;2568;Faculdade;MG
Faculdade Rebouças de Campina Grande;2569;Faculdade;PB
FACULDADES INTEGRADAS DE FERNANDÓPOLIS;2571;Faculdade;SP
FACULDADE DE CIÊNCIAS DE TIMBAÚBA;2576;Faculdade;PE
FACULDADES INTEGRADAS APARÍCIO CARVALHO;2579;Faculdade;RO
FACULDADE UNIDA DE CAMPINAS;2581;Faculdade;GO
Faculdades Unificadas de Iúna;2582;Faculdade;ES
FACULDADE DE EDUCAÇÃO E CIÊNCIAS GERENCIAIS DE SÃO PAULO;2593;Faculdade;SP
FACULDADE INTEGRADA DE SANTA MARIA;2613;Faculdade;RS
FACULDADE SANTA MARIA DA GLÓRIA;2616;Faculdade;PR
INSTITUTO ESPERANÇA DE ENSINO SUPERIOR;2620;Faculdade;PA
Faculdade Meta;2624;Faculdade;AC
FACULDADE ESTÁCIO DE SÁ DE CAMPO GRANDE;2625;Faculdade;MS
FACULDADE GUAIRACÁ;2632;Faculdade;PR
FACULDADE DE PRESIDENTE EPITÁCIO - FAPE;2636;Faculdade;SP
Faculdade Estácio de Jaraguá do Sul;2642;Faculdade;SC
FACULDADES INTEGRADAS DE TAQUARA;2647;Faculdade;RS
INSTITUTO SUPERIOR DE EDUCAÇÃO CAMPO LIMPO PAULISTA;2656;Faculdade;SP
FACULDADE DE TECNOLOGIA SENAC MINAS - UNIDADE BARBACENA;2687;Faculdade;MG
FACULDADE TRIÂNGULO MINEIRO;2703;Faculdade;MG
FACULDADE DE GESTAO E NEGOCIOS DE FORTALEZA;2723;Faculdade;CE
INSTITUTO NACIONAL DE TELECOMUNICAÇÕES;2724;Faculdade;MG
Faculdade CNEC Joinville;2726;Faculdade;SC
FACULDADE CNEC UNAÍ;2741;Faculdade;MG
FACULDADE SÃO FRANCISCO DO CEARÁ;2745;Faculdade;CE
FACULDADE UNINASSAU PETROLINA;2753;Faculdade;PE
CENTRO UNIVERSITÁRIO DE SALVADOR;2754;Centro Universitário;BA
UNIVERSIDADE DO VALE DO SAPUCAÍ;2755;Universidade;MG
FACULDADE METROPOLITANA DE RIO DO SUL;2756;Faculdade;SC
FACULDADE DO ESPÍRITO SANTO;2763;Faculdade;ES
Faculdade AGES de Medicina;2766;Faculdade;BA
Faculdade Área1 Wyden;2770;Faculdade;BA
FACULDADE LOURENÇO FILHO;2771;Faculdade;CE
FACULDADE DE FORTALEZA;2773;Faculdade;CE
FACULDADE EVANGÉLICA DE CERES;2774;Faculdade;GO
FACULDADE DOS CARAJÁS;2775;Faculdade;PA
FACULDADE PAN AMAZÔNICA;2779;Faculdade;PA
INSTITUTO DE ENSINO E PESQUISA OBJETIVO;2783;Faculdade;TO
Faculdade Anhanguera de Tecnologia de Jundiaí;2787;Faculdade;SP
FACULDADE DE TECNOLOGIA DE TAUBATÉ;2791;Faculdade;SP
CENTRO UNIVERSITÁRIO DO PLANALTO CENTRAL APPARECIDO DOS SANTOS;2794;Centro Universitário;DF
FACULDADE CDL;2796;Faculdade;CE
FACULDADE DE ADMINISTRAÇÃO DE ITABIRITO;2814;Faculdade;MG
FACULDADES INTEGRADAS DE JACAREPAGUÁ;2832;Faculdade;RJ
ESCOLA DE ENGENHARIA DE PIRACICABA;2835;Faculdade;SP
FACULDADE DE CIÊNCIAS GERENCIAIS DE SÃO GOTARDO;2843;Faculdade;MG
FACULDADE DELTA;2844;Faculdade;GO
FACULDADE DA ESCADA;2845;Faculdade;PE
FACULDADES INTEGRADAS ASMEC;2849;Faculdade;MG
FACULDADE PADRE DOURADO FORTALEZA;2855;Faculdade;CE
FACULDADE ANHANGUERA DE JUNDIAÍ;2859;Faculdade;SP
Faculdade Trilógica Keppe & Pacheco;2870;Faculdade;MG
Faculdade Una de Pouso Alegre;2879;Faculdade;MG
FACULDADE INTEGRADA DE PONTA GROSSA;2891;Faculdade;PR
INSTITUTO SUPERIOR DE EDUCAÇÃO ELVIRA DAYRELL;2896;Faculdade;MG
FACULDADE DE TECNOLOGIA FTEC;2903;Faculdade;RS
FACULDADE UNINASSAU VITÓRIA DA CONQUISTA;2904;Faculdade;BA
FACULDADE UNINASSAU ARACAJU;2908;Faculdade;SE
FACULDADE SANTA IZILDINHA;2909;Faculdade;SP
CENTRO UNIVERSITÁRIO ESTÁCIO JUIZ DE FORA - ESTÁCIO JUIZ DE FORA;2910;Centro Universitário;MG
FACULDADE ARMANDO ALVARES PENTEADO;2911;Faculdade;SP
FACULDADE DE HORTOLÂNDIA;2915;Faculdade;SP
CENTRO UNIVERSITÁRIO FARIAS BRITO;2917;Centro Universitário;CE
CENTRO UNIVERSITÁRIO METODISTA;2918;Centro Universitário;RS
CENTRO UNIVERSITÁRIO DE DESENVOLVIMENTO DO CENTRO OESTE;2927;Centro Universitário;GO
FACULDADE CNEC CAMPO LARGO;2944;Faculdade;PR
Faculdade do Maciço do Baturité;2961;Faculdade;CE
TREVISAN ESCOLA SUPERIOR DE NEGÓCIOS;2964;Faculdade;RJ
Faculdade de Ciências da Saúde IGESP;2969;Faculdade;SP
CENTRO UNIVERSITÁRIO BRASILEIRO;2971;Centro Universitário;PE
Faculdade do Norte de Mato Grosso;2973;Faculdade;MT
CENTRO UNIVERSITÁRIO TERESA DÁVILA;2974;Centro Universitário;SP
CENTRO UNIVERSITÁRIO ATENAS;3004;Centro Universitário;MG
FACULDADE IBMEC;3020;Faculdade;MG
FACULDADE HORIZONTINA;3021;Faculdade;RS
FACULDADE DE SÃO LOURENÇO;3027;Faculdade;MG
FACULDADE PANAMERICANA DE JI-PARANÁ;3029;Faculdade;RO
FACULDADE SANTÍSSIMO SACRAMENTO;3034;Faculdade;BA
Centro Universitário UNIBTA;3042;Centro Universitário;SP
CENTRO UNIVERSITÁRIO CATÓLICA DE QUIXADÁ;3099;Centro Universitário;CE
FACULDADE ESTÁCIO DE TERESINA;3149;Faculdade;PI
FACULDADE VALE DO CRICARÉ;3157;Faculdade;ES
Faculdade Pitágoras de Arapiraca;3170;Faculdade;AL
Faculdade Pitágoras de Brumado;3177;Faculdade;BA
FACULDADE UNIME DE CIÊNCIAS EXATAS E TECNOLÓGICAS;3182;Faculdade;BA
FACULDADE DE ENGENHARIA DE RESENDE;3186;Faculdade;RJ
Faculdade de Tecnologia e Negócios de Catalão;3190;Faculdade;GO
FACULDADE ESTÁCIO DE BELÉM - ESTÁCIO BELÉM;3192;Faculdade;PA
FACULDADE DE PORTO VELHO;3193;Faculdade;RO
FACULDADE PARANAENSE;3194;Faculdade;PR
Faculdade Fasipe Mato Grosso;3204;Faculdade;MT
FACULDADE DE DIREITO DE VITÓRIA;3205;Faculdade;ES
CENTRO UNIVERSITÁRIO BRAZ CUBAS;3209;Centro Universitário;SP
Faculdade Alis de Itabirito;3230;Faculdade;MG
CENTRO UNIVERSITÁRIO PADRE ANCHIETA;3232;Centro Universitário;SP
FACULDADES INTEGRADAS DE SERGIPE;3268;Faculdade;SE
FACULDADES INTEGRADAS DO VALE DO IGUAÇU;3270;Faculdade;PR
FACULDADE ESPECIALIZADA NA ÁREA DE SAÚDE DO RIO GRANDE DO SUL;3285;Faculdade;RS
FACULDADE DE CIÊNCIAS SOCIAIS E AGRÁRIAS DE ITAPEVA;3294;Faculdade;SP
CENTRO UNIVERSITÁRIO DE ARARAS -;3295;Centro Universitário;SP
FACULDADE DO NORTE NOVO DE APUCARANA;3304;Faculdade;PR
FACULDADE CONCÓRDIA;3307;Faculdade;SC
FACULDADE DE TECNOLOGIA FINACI;3319;Faculdade;SP
FACULDADE UNIGRAN CAPITAL;3333;Faculdade;MS
FACULDADE SETE LAGOAS;3339;Faculdade;MG
FACULDADE DE FILOSOFIA CIÊNCIAS E LETRAS DE MACAÉ;3363;Faculdade;RJ
FACULDADE DE CIÊNCIAS MÉDICAS DE MINAS GERAIS;3365;Faculdade;MG
EMGE - ESCOLA DE ENGENHARIA;3367;Faculdade;MG
Faculdade Doctum de Juiz de Fora;3368;Faculdade;MG
FACULDADE DEHONIANA;3371;Faculdade;SP
FACULDADE DE TECNOLOGIA INSPIRAR;3372;Faculdade;PR
FACULDADE ADVENTISTA DA BAHIA;3375;Faculdade;BA
FACULDADE DE TAQUARITINGA;3377;Faculdade;SP
FACULDADE DE BELO HORIZONTE;3388;Faculdade;MG
FACULDADE DE MONTE ALTO;3389;Faculdade;SP
Faculdade Presidente Antônio Carlos de Baependi;3392;Faculdade;MG
FACULDADE DE CIÊNCIAS SOCIAIS DE GUARANTÃ DO NORTE;3396;Faculdade;MT
FACULDADE DE CIÊNCIAS SOCIAIS APLICADAS;3397;Faculdade;BA
FACULDADE DE GUARULHOS;3400;Faculdade;SP
FACULDADE DE UMUARAMA;3411;Faculdade;PR
FACULDADE DE CIÊNCIA E TECNOLOGIA DE MONTES CLAROS;3427;Faculdade;MG
FACULDADE LUIZ EDUARDO MAGALHÃES;3430;Faculdade;BA
INSTITUTO SUPERIOR DE EDUCAÇÃO DO SERTÃO DO PAJEÚ;3434;Faculdade;PE
FACULDADE DE SÃO ROQUE;3436;Faculdade;SP
Faculdade Projeção de Sobradinho;3437;Faculdade;DF
FACULDADE SOLIDARIA DO OESTE PAULISTA;3443;Faculdade;SP
FACULDADE CNEC SANTO ÂNGELO;3448;Faculdade;RS
ESCOLA SUPERIOR DE PROPAGANDA E MARKETING DO RIO DE JANEIRO;3456;Faculdade;RJ
FACULDADE DE DIREITO DE SANTA MARIA;3488;Faculdade;RS
FACULDADE DA AMAZÔNIA;3513;Faculdade;PA
FACULDADE PARAENSE DE ENSINO;3515;Faculdade;PA
Faculdades EST;3518;Faculdade;RS
FACULDADES INTEGRADAS DA UPIS;3588;Faculdade;DF
FACULDADE ZACARIAS DE GÓES;3590;Faculdade;BA
INSTITUTO DE ENSINO SUPERIOR DE PIEDADE;3602;Faculdade;PE
FACULDADE PRESIDENTE ANTÔNIO CARLOS;3603;Faculdade;TO
INSTITUTO DE ENSINO SUPERIOR DE MATO GROSSO;3610;Faculdade;MT
FACULDADES INTEGRADAS IESGO;3612;Faculdade;GO
FACULDADE PITÁGORAS DE TECNOLOGIA DE BELO HORIZONTE;3613;Faculdade;MG
FACULDADE DE TECNOLOGIA IPANEMA;3615;Faculdade;SP
FACULDADE BARRETOS;3617;Faculdade;SP
FACULDADE DE TECNOLOGIA ATENEU;3618;Faculdade;CE
FACULDADE DE TECNOLOGIA DO NORDESTE;3625;Faculdade;CE
FACULDADE DE INFORMÁTICA E ADMINISTRAÇÃO PAULISTA;3641;Faculdade;SP
FACULDADE ALMEIDA RODRIGUES;3644;Faculdade;GO
FACULDADE DE ENSINO SUPERIOR E FORMAÇÃO INTEGRAL;3648;Faculdade;SP
FACULDADE DE ENSINO SUPERIOR DO CENTRO DO PARANÁ;3649;Faculdade;PR
FACULDADE PERUIBE;3657;Faculdade;SP
Faculdades Unificadas de Teófilo Otoni;3667;Faculdade;MG
FACULDADE DE INHUMAS - FAC-MAIS;3669;Faculdade;GO
FACULDADE DE TECNOLOGIA DE CATALÃO;3680;Faculdade;GO
Faculdade Uninassau Garanhuns;3716;Faculdade;PE
ESCOLA SUPERIOR DE PROPAGANDA E MARKETING;3724;Faculdade;SP
Faculdade de Pouso Alegre;3741;Faculdade;MG
FACULDADE DE CIÊNCIAS HUMANAS E SOCIAIS;3743;Faculdade;MG
FACULDADE VERDE NORTE;3754;Faculdade;MG
Centro Universitário de Bauru;3756;Centro Universitário;SP
FACULDADE DE ADMINISTRAÇÃO DE TERESINA;3757;Faculdade;PI
FACULDADE MOZARTEUM DE SÃO PAULO;3758;Faculdade;SP
FACULDADE DE CIÊNCIAS SOCIAIS APLICADAS DO SUL DE MINAS - FACESM;3768;Faculdade;MG
FACULDADE DIADEMA;3774;Faculdade;SP
FACULDADE BRASIL CENTRAL;3776;Faculdade;GO
FACULDADE DE TECNOLOGIA FTEC;3777;Faculdade;RS
FACULDADE DE CIÊNCIAS E EDUCAÇÃO SENA AIRES;3778;Faculdade;GO
FACULDADE FOZ DO IGUAÇU;3779;Faculdade;PR
Faculdade de Ciências Jurídicas de Juiz de Fora;3783;Faculdade;MG
ABEU - CENTRO UNIVERSITÁRIO;3784;Centro Universitário;RJ
FACULDADE SETE DE SETEMBRO;3785;Faculdade;BA
FACULDADE SANTA TEREZINHA;3786;Faculdade;MA
FACULDADE DE DIREITO PADRE ARNALDO JANSSEN;3787;Faculdade;MG
FACULDADE BRASILEIRA DE TECNOLOGIA-;3788;Faculdade;BA
FACULDADE MACHADO DE ASSIS;3789;Faculdade;RJ
FACULDADE DE FILOSOFIA CIÊNCIAS E LETRAS DE ITUVERAVA;3793;Faculdade;SP
FACULDADE DE ESTUDOS ADMINISTRATIVOS DE MINAS GERAIS - FEAD-MG;3797;Faculdade;MG
FACULDADE DE CIÊNCIAS HUMANAS DE OLINDA;3803;Faculdade;PE
FACULDADE DE RONDÔNIA;3804;Faculdade;RO
FACULDADE DE TEODORO SAMPAIO;3805;Faculdade;SP
CENTRO UNIVERSITÁRIO UNIDADE DE ENSINO SUPERIOR DOM BOSCO;3817;Centro Universitário;MA
FACULDADES INTEGRADAS DE RONDONÓPOLIS;3823;Faculdade;MT
FACULDADE MADRE THAIS;3826;Faculdade;BA
FACULDADE DOCTUM DE MANHUAÇU - DOCTUM;3838;Faculdade;MG
FACULDADES DOCTUM DE CARATINGA;3853;Faculdade;MG
FACULDADE GUARAPUAVA;3854;Faculdade;PR
FACULDADE DE ESTUDOS SUPERIORES DE MINAS GERAIS;3862;Faculdade;MG
UNIVERSIDADE ALTO VALE DO RIO DO PEIXE;3864;Universidade;SC
FACULDADE DE SANTO ANTONIO DA PLATINA;3867;Faculdade;PR
FACULDADE DE DRACENA;3869;Faculdade;SP
FACULDADE DE TECNOLOGIA CÉSAR LATTES;3875;Faculdade;SP
CENTRO UNIVERSITÁRIO DE LAVRAS;3877;Centro Universitário;MG
FACULDADE DO RIO DE JANEIRO;3879;Faculdade;RJ
FACULDADE DE CIÊNCIAS E TECNOLOGIAS DE CAMPOS GERAIS;3881;Faculdade;MG
FACULDADE UNINASSAU MOSSORÓ;3920;Faculdade;RN
FACULDADE CAMBURY;3921;Faculdade;GO
FACULDADE CNEC ILHA DO GOVERNADOR;3930;Faculdade;RJ
FACULDADE JK - GUARÁ;3936;Faculdade;DF
Faculdade Pitágoras de Altamira;3937;Faculdade;PA
Faculdade Unirb - Mossoró;3940;Faculdade;RN
Faculdade Marechal Rondon;3946;Faculdade;RO
FACULDADE SÃO LUÍS DE FRANÇA;3947;Faculdade;SE
CISNE - Faculdade Tecnológica de Quixadá;3948;Faculdade;CE
INSTITUTO CUIABÁ DE ENSINO E CULTURA;3954;Faculdade;MT
FACULDADE CURITIBANA;3955;Faculdade;PR
INSTITUTO DE ENSINO SUPERIOR FRANCISCANO;3966;Faculdade;MA
FACULDADE ANHANGUERA DO RIO GRANDE;3972;Faculdade;RS
FACULDADE SÃO FRANCISCO DA PARAÍBA;3977;Faculdade;PB
FACULDADE ESTÁCIO DE CASTANHAL;3980;Faculdade;PA
Faculdade Pitágoras de Santo Antônio de Jesus;3981;Faculdade;BA
FACULDADE DE EDUCAÇÃO SANTA TEREZINHA;3983;Faculdade;MA
FACULDADE DA AMAZÔNIA OCIDENTAL;3985;Faculdade;AC
Faculdade Presidente Antônio Carlos de Visconde do Rio Branco;3987;Faculdade;MG
FACULDADE SÃO GABRIEL DA PALHA;3992;Faculdade;ES
CENTRO UNIVERSITÁRIO LUTERANO DE JI-PARANÁ;3996;Centro Universitário;RO
FACULDADE DE TECNOLOGIA DA PARAÍBA;3998;Faculdade;PB
INSTITUTO SUPERIOR DE EDUCAÇÃO IBITURUNA;4000;Faculdade;MG
FACULDADES COC DE SÃO PAULO;4005;Faculdade;SP
FACULDADE DE TECNOLOGIA OSWALDO CRUZ;4006;Faculdade;SP
FACULDADE DE SAÚDE IBITURUNA;4007;Faculdade;MG
FACULDADE DE CIÊNCIAS HUMANAS DO SERTÃO CENTRAL;4009;Faculdade;PE
FACULDADE CAPITAL FEDERAL DE ITAPECERICA DA SERRA;4010;Faculdade;SP
FACULDADE DE TECNOLOGIA E DESENVOLVIMENTO DE COMPETÊNCIAS;4013;Faculdade;PA
FACULDADE DE CIÊNCIAS SOCIAIS APLICADAS DO VALE DO SÃO LOURENÇO;4017;Faculdade;MT
Faculdade de Ciências Jurídicas de Itabira;4029;Faculdade;MG
Faculdade Autônoma do Brasil - Maceió;4030;Faculdade;AL
Faculdade Boa Viagem;4036;Faculdade;PB
FACULDADE SANTOS DUMONT;4037;Faculdade;MG
Faculdade Pitágoras do Ceará;4043;Faculdade;CE
Faculdades de Ciências e Tecnologia do Nordeste LTDA;4045;Faculdade;CE
FACULDADE PITÁGORAS DE TECNOLOGIA DE CONTAGEM;4068;Faculdade;MG
FACULDADE SANTO ANTONIO DE QUEIMADAS;4090;Faculdade;BA
INSTITUTO DE ENSINO SUPERIOR DO SUL DO MARANHÃO;4093;Faculdade;MA
FACULDADE IRECÊ;4094;Faculdade;BA
FACULDADE DE CIÊNCIAS GERENCIAIS DE MANHUAÇU;4096;Faculdade;MG
Centro Universitário SOCIESC de Curitiba;4097;Centro Universitário;PR
FACULDADE DE TECNOLOGIA ALTO MÉDIO SÃO FRANCISCO;4100;Faculdade;MG
FACULDADE DE INFORMÁTICA DE OURO PRETO DO OESTE;4101;Faculdade;RO
FACULDADE JK DE TECNOLOGIA;4113;Faculdade;DF
Faculdade de Tecnologia e Administração Edufor;4118;Faculdade;MA
FACULDADE DE CAMPINA GRANDE;4121;Faculdade;PB
Faculdade Unirb -  Ceará;4135;Faculdade;CE
CENTRO SUPERIOR DE ESTUDOS JURÍDICOS CARLOS DRUMMOND DE ANDRADE;4138;Faculdade;SP
FACULDADE DE AVARÉ;4141;Faculdade;SP
FACULDADE DE RIBEIRÃO PIRES;4150;Faculdade;SP
FACULDADE METODISTA GRANBERY;4153;Faculdade;MG
FACULDADE DE VINHEDO;4157;Faculdade;SP
FACULDADE DE RIO CLARO;4162;Faculdade;SP
Faculdade de São Caetano do Sul;4163;Faculdade;SP
FACULDADE REDENTOR METROPOLITANA;4166;Faculdade;RJ
CENTRO UNIVERSITÁRIO DA GRANDE FORTALEZA;4169;Centro Universitário;CE
FACULDADE MOGIANA DO ESTADO DE SÃO PAULO;4173;Faculdade;SP
Centro Universitário Saúde ABC;4185;Centro Universitário;SP
FACULDADE UNINASSAU SOBRAL;4197;Faculdade;CE
FACULDADE DE TECNOLOGIA SENAC PELOTAS;4209;Faculdade;RS
Faculdade AGES de Senhor do Bonfim;4251;Faculdade;BA
FACULDADE  PITÁGORAS;4255;Faculdade;MG
FACULDADE DE CIÊNCIAS EXATAS DE GARANHUNS;4256;Faculdade;PE
CENTRO UNIVERSITÁRIO ANTÔNIO EUFRÁSIO DE TOLEDO DE PRESIDENTE PRUDENTE - TOLEDO PRUDENTE;4259;Centro Universitário;SP
FACULDADE DE FILOSOFIA CIÊNCIAS E LETRAS DE PENÁPOLIS;4277;Faculdade;SP
FACULDADE DE PALMAS;4289;Faculdade;TO
FACULDADE DE TECNOLOGIA DO AMAPÁ;4294;Faculdade;AP
INSTITUTO DE ENSINO SUPERIOR DE OLINDA;4357;Faculdade;PE
FACULDADE UNIME DE EDUCAÇÃO E COMUNICAÇÃO;4362;Faculdade;BA
INSTITUTO SUPERIOR DE EDUCAÇÃO DE CAJAZEIRAS;4367;Faculdade;PB
ESCOLA SUPERIOR DE TECNOLOGIA E EDUCAÇÃO DE PORTO FERREIRA;4399;Faculdade;SP
FACULDADE VÉRTICE;4411;Faculdade;MG
ESCOLA SUPERIOR DE GESTÃO COMERCIAL E MARKETING;4416;Faculdade;PR
Faculdade SENAC Goiás;4420;Faculdade;GO
FACULDADE DE VARGEM GRANDE PAULISTA;4429;Faculdade;SP
FACULDADE IDEAL DE BRASÍLIA;4435;Faculdade;DF
FACULDADE DE EDUCAÇÃO DE PORTO VELHO;4442;Faculdade;RO
FACULDADE MATO GROSSO DO SUL;4450;Faculdade;MS
Faculdade Internacional de São Luís;4460;Faculdade;MA
FACULDADE DE TECNOLOGIA IBTA - SÃO JOSÉ DOS CAMPOS;4495;Faculdade;SP
ESCOLA SUPERIOR DE EDUCAÇÃO CORPORATIVA;4502;Faculdade;SC
FACULDADE DE TECNOLOGIA FAESA;4522;Faculdade;ES
CENTRO UNIVERSITÁRIO DA FUNDAÇÃO EDUCACIONAL DE BARRETOS;4530;Centro Universitário;SP
FACULDADE ESTÁCIO DE SÃO LUÍS;4531;Faculdade;MA
FACULDADE DE ITAITUBA;4532;Faculdade;PA
FACULDADE METROPOLITANA DE GUARAMIRIM;4533;Faculdade;SC
CENTRO UNIVERSITÁRIO OPET;4534;Centro Universitário;PR
FACULDADE DE JACAREÍ;4566;Faculdade;SP
FACULDADE DE PORTO FELIZ;4567;Faculdade;SP
Faculdade EduCareMT;4586;Faculdade;MT
Faculdade do Vale do São Francisco;4588;Faculdade;PE
FACULDADES PITÁGORAS UNIDADE GUARAPARI;4598;Faculdade;ES
FACULDADE DE ENSINO SUPERIOR DO INTERIOR PAULISTA;4605;Faculdade;SP
INSTITUTO SUPERIOR DE EDUCAÇÃO DE OLIVEIRA;4610;Faculdade;MG
FACULDADE SENAC FLORIANÓPOLIS;4613;Faculdade;SC
FACULDADES INTEGRADAS DE ARARAQUARA;4616;Faculdade;SP
"Faculdade Brasileira de Ensino; Pesquisa e Extensão";4630;Faculdade;PB
FACULDADES INTEGRADAS RIO BRANCO GRANJA VIANNA;4632;Faculdade;SP
FACULDADE CATÓLICA DOM ORIONE;4633;Faculdade;TO
FACULDADE ÚNICA DE TIMÓTEO;4652;Faculdade;MG
FACULDADE DE JUAZEIRO DO NORTE;4655;Faculdade;CE
FACULDADE DE ENSINO SUPERIOR DA AMAZÔNIA REUNIDA;4656;Faculdade;PA
FACULDADE FASIPE;4661;Faculdade;MT
FACULDADE DE TECNOLOGIA E CIÊNCIAS DE JEQUIÉ;4669;Faculdade;BA
FACULDADE CATÓLICA SANTA TERESINHA;4681;Faculdade;RN
FACULDADE DE FRUTAL;4699;Faculdade;MG
FACULDADE DA ACADEMIA BRASILEIRA DE EDUCAÇÃO E CULTURA;4700;Faculdade;RJ
FACULDADE ITOP;4702;Faculdade;TO
FACULDADE DE ENSINO SUPERIOR DE CATALÃO;4722;Faculdade;GO
FACULDADE MAURÍCIO DE NASSAU DE SÃO JOSÉ DOS CAMPOS;4724;Faculdade;SP
FACULDADE DE EDUCAÇÃO FÍSICA DE FOZ DO IGUAÇU;4729;Faculdade;PR
Faculdade Estácio de Curitiba;4732;Faculdade;PR
FACULDADE NOVO TEMPO DA SERRA GRANDE;4742;Faculdade;CE
Faculdade Uninassau Ananindeua;4747;Faculdade;PA
FACULDADE CENECISTA DE RIO BONITO;4748;Faculdade;RJ
INSTITUTO SUPERIOR DE EDUCAÇÃO ORÍGENES LESSA;4751;Faculdade;SP
Faculdade Estácio de Ibiúna;4766;Faculdade;SP
FACULDADE CNEC NOVA PETRÓPOLIS;4777;Faculdade;RS
FACULDADE ISEIB DE BELO HORIZONTE;4780;Faculdade;MG
FACULDADE DE BALSAS;4784;Faculdade;MA
FACULDADE BRASIL NORTE;4810;Faculdade;AP
FACULDADE DE PIMENTA BUENO;4821;Faculdade;RO
FACULDADE REDENTOR DE PARAÍBA DO SUL;4826;Faculdade;RJ
FACULDADE INTEGRADA CARAJÁS;4829;Faculdade;PA
FACULDADE DE ENGENHARIA E INOVAÇÃO TÉCNICO PROFISSI;4846;Faculdade;PR
FACULDADE DE EDUCAÇÃO E CULTURA DE PORTO VELHO;4847;Faculdade;RO
FACULDADE CALAFIORI;4849;Faculdade;MG
FACULDADE REGIONAL JAGUARIBANA;4858;Faculdade;CE
FACULDADE KENNEDY DE BELO HORIZONTE;4863;Faculdade;MG
FACULDADE DE ADMINISTRAÇÃO DE EMPRESAS;4865;Faculdade;SP
FACULDADE CRISTO REI;4867;Faculdade;PR
FACULDADE SANTA CECÍLIA;4873;Faculdade;SP
"FACULDADE DE CIÊNCIAS ECONÔMICAS; ADMINISTRATIVAS E DA COMPUTAÇÃO DOM BOSCO";4878;Faculdade;RJ
FACULDADE ESTÁCIO DE SANTO ANDRÉ;4901;Faculdade;SP
FACULDADE CENECISTA DE BENTO GONÇALVES;4910;Faculdade;RS
FACULDADE SENAC SÃO MIGUEL DO OESTE;4915;Faculdade;SC
FACULDADE SENAC CONCÓRDIA;4922;Faculdade;SC
Faculdade FIPECAFI;4938;Faculdade;SP
INSTITUTO SUPERIOR DE EDUCAÇÃO DE SÃO PAULO;4943;Faculdade;SP
Faculdade Superior de Ensino Programus;4950;Faculdade;PI
Faculdade SOCIESC de Blumenau;4959;Faculdade;SC
FACULDADE CNEC GRAVATAÍ;4964;Faculdade;RS
Faculdade de Ciências Jurídicas de Jequié;4969;Faculdade;BA
"FACULDADE DE CIÊNCIAS JURÍDICAS; GERENCIAIS E EDUCAÇÃO DE SINOP";4983;Faculdade;MT
Faculdade Pitágoras de Ribeirão das Neves;4995;Faculdade;MG
FACULDADE IBMEC DISTRITO FEDERAL;5054;Faculdade;DF
FACULDADE ESCOLA PAULISTA DE DIREITO;5066;Faculdade;SP
FACULDADE TRÊS MARIAS;5105;Faculdade;PB
Faculdade ICG;5124;Faculdade;GO
FACULDADE DE SANTA RITA DO PASSA QUATRO;5131;Faculdade;SP
FACULDADE DAMA;5133;Faculdade;SC
Faculdade  SENAC Criciúma;5186;Faculdade;SC
Faculdade Presidente Antônio Carlos de Teófilo Otoni;5216;Faculdade;MG
FACULDADE DO NORDESTE DA BAHIA;5217;Faculdade;BA
FACULDADE DE JAÚ;5228;Faculdade;SP
FACULDADE CENTRO PAULISTANO;5276;Faculdade;SP
FACULDADE DE IBIPORÃ;5285;Faculdade;PR
CENTRO UNIVERSITÁRIO DE FORMIGA;5288;Centro Universitário;MG
FACULDADE DE EDUCAÇÃO SUPERIOR DO PARANÁ;5290;Faculdade;PR
FACULDADE DE ENSINO E CULTURA DO CEARÁ;5303;Faculdade;CE
FACULDADE DE GUARARAPES;5312;Faculdade;SP
FACULDADE DE IBAITI;5313;Faculdade;PR
Faculdade Univeritas Universus Veritas de Joinville;5314;Faculdade;SC
FACULDADE DE MEDICINA ESTÁCIO DE JUAZEIRO DO NORTE;5315;Faculdade;CE
FACULDADE DE ENSINO SUPERIOR DA PARAÍBA;5316;Faculdade;PB
FACULDADE CONHECIMENTO & CIÊNCIA;5362;Faculdade;PA
FACULDADE DO SERTÃO DO PAJEÚ;5369;Faculdade;PE
FACULDADE DE TECNOLOGIA PORTO DAS MONÇÕES;5370;Faculdade;SP
Faculdade Pitágoras Bacabal Mearim;5387;Faculdade;MA
Faculdade Fasipe Cuiabá;5388;Faculdade;MT
Escola de Ensino Superior do Agreste Paraibano;5403;Faculdade;PB
FACULDADE DE TECNOLOGIA DE PIRACICABA;5439;Faculdade;SP
UNIÃO LATINO-AMERICANA DE TECNOLOGIA;5451;Faculdade;PR
Faculdade Doctum de Ipatinga;5473;Faculdade;MG
Faculdade Estácio de Goiânia;5511;Faculdade;GO
CENTRO DE ENSINO SUPERIOR DO AMAPÁ;5518;Faculdade;AP
FACULDADE SÃO JUDAS TADEU;5520;Faculdade;RJ
CISNE - FACULDADE DE QUIXADÁ;5544;Faculdade;CE
FACULDADE UNINABUCO MACEIÓ;5550;Faculdade;AL
FACULDADE DE CIÊNCIAS E TECNOLOGIA DA BAHIA;5555;Faculdade;BA
FACULDADE INTEGRADA DA AMAZÔNIA;5592;Faculdade;PA
FACULDADE TECNOLÓGICA DENTAL CEEO;5599;Faculdade;RS
Faculdade Alencarina de Sobral;5600;Faculdade;CE
FACULDADE DE ADMINISTRAÇÃO DE SANTA CRUZ DO RIO PARDO;5663;Faculdade;SP
Faculdade Anhanguera de Itapeva;5668;Faculdade;SP
FACULDADE DE CIÊNCIAS DA SAÚDE DE UNAÍ;5669;Faculdade;MG
FACULDADE CLARETIANA DE TEOLOGIA;5670;Faculdade;PR
FACULDADE ALFREDO NASSER DE REMANSO;5671;Faculdade;BA
Centro Universitário UNIFAFIBE;10058;Centro Universitário;SP
FACULDADE DE TECNOLOGIA DE VALENÇA;10418;Faculdade;BA
Escola Superior de Engenharia de Porto Velho;10588;Faculdade;RO
FACULDADE DE CIÊNCIAS AGRÁRIAS E EXATAS DE PRIMAVERA DO LESTE;10836;Faculdade;MT
FACULDADE EDUCACIONAL DE FRANCISCO BELTRÃO;11308;Faculdade;PR
CENTRO DE ENSINO SUPERIOR DE BACABEIRA;11428;Faculdade;MA
FACULDADE DE FORMAÇÃO DE PROFESSORES DE SERRA TALHADA;11429;Faculdade;PE
Faculdade da Polícia Militar;11544;Faculdade;GO
FACULDADE DE INOVAÇÃO TECNOLÓGICA DE LONDRINA;11563;Faculdade;PR
CENTRO DE ENSINO SUPERIOR DO VALE SÃO FRANCISCO;11584;Faculdade;PE
FACULDADE SÃO FRANCISCO DE BARREIRAS - FASB;11586;Faculdade;BA
FACULDADE PROMOVE DE MINAS GERAIS;11645;Faculdade;MG
FACULDADE DE OLÍMPIA;11750;Faculdade;SP
ESCOLA SUPERIOR DE ADMINISTRAÇÃO E GESTÃO STRONG DA BAIXADA SANTISTA;11818;Faculdade;SP
INSTITUTO SUPERIOR DE CIÊNCIAS HUMANAS E SOCIAIS ANÍSIO TEIXEIRA;11841;Faculdade;RJ
CENTRO UNIVERSITÁRIO INTEGRADO DE CAMPO MOURÃO;11860;Centro Universitário;PR
Faculdade de Colinas do Tocantins;11862;Faculdade;TO
Faculdade de Tecnologia e Ciências - FTC Petrolina;11902;Faculdade;PE
FACULDADE DA SEUNE;11951;Faculdade;AL
FACULDADE CNEC FARROUPILHA;12229;Faculdade;RS
FACULDADE POUSO ALEGRE;12247;Faculdade;MG
FACULDADES INTEGRADAS CAMPO-GRANDENSES;12346;Faculdade;RJ
Faculdade de Ciências Humanas e Sociais III;12415;Faculdade;BA
FIP - FACULDADE DE IPORÃ PARANÁ;12416;Faculdade;PR
FACULDADE DE ROLIM DE MOURA;12421;Faculdade;RO
FACULDADE CENTRAL DE CRISTALINA;12430;Faculdade;GO
FACULDADE DOM PEDRO II;12522;Centro Universitário;BA
Faculdade da Região Sisaleira;12523;Faculdade;BA
CENTRO UNIVERSITÁRIO BARÃO DE MAUÁ;12547;Centro Universitário;SP
FACULDADE DE INOVAÇÃO TECNOLÓGICA DE PONTA GROSSA;12620;Faculdade;PR
FACULDADE DE CIÊNCIAS DA SAÚDE DE BARRETOS DR. PAULO PRATA;12625;Faculdade;SP
FACULDADE SENAC JARAGUÁ DO SUL;12723;Faculdade;SC
LIBERTAS - FACULDADES INTEGRADAS;12749;Faculdade;MG
FACULDADE LOGOS;12758;Faculdade;GO
FACULDADE EDUCACIONAL DE MEDIANEIRA;12766;Faculdade;PR
FACULDADE IMESP MONITOR;12772;Faculdade;SP
FACULDADE RAÍZES;12784;Faculdade;GO
INSTITUTO MARANHENSE DE ENSINO E CULTURA;12791;Faculdade;MA
FACULDADE DE CIÊNCIAS JURÍDICAS E SOCIAIS APLICADAS DE PRIMAVERA DO LESTE;12803;Faculdade;MT
Faculdade Anhanguera de Assis;12817;Faculdade;SP
FACULDADE ANHANGUERA DE RIO CLARO;12847;Faculdade;SP
CENTRO DE ENSINO SUPERIOR DO VALE DO PARNAÍBA;12848;Faculdade;PI
Faculdade Novo Tempo de Itapipoca;12869;Faculdade;CE
FACULDADE VALE DO GORUTUBA;12922;Faculdade;MG
FACULDADE DO VALE DO ITAJAÍ MIRIM;12923;Faculdade;SC
FACULDADE DE CIÊNCIAS E LETRAS DE BRAGANÇA PAULISTA;12946;Faculdade;SP
FACULDADE DE INOVAÇÃO TECNOLÓGICA DE CURITIBA;13034;Faculdade;PR
FACULDADE DA ALTA PAULISTA;13106;Faculdade;SP
FACULDADE DE BRUSQUE;13133;Faculdade;SC
FACULDADE DINÂMICA DO VALE DO PIRANGA;13359;Faculdade;MG
FACULDADE DE FILOSOFIA CIÊNCIAS E LETRAS DE CARUARU;13417;Faculdade;PE
FACULDADE DE JOSÉ BONIFÁCIO;13481;Faculdade;SP
FACULDADE UNINASSAU MARACANAÚ;13488;Faculdade;CE
Faculdade Dom Pedro II - Luis Eduardo Magalhães;13620;Faculdade;BA
FACULDADE NOROESTE;13625;Faculdade;GO
Faculdade Sulamérica Brasília;13631;Faculdade;DF
FACULDADE DE CIÊNCIAS ADMINISTRATIVAS E CONTÁBEIS DE ITABIRA;13648;Faculdade;MG
Faculdade São Judas de Terra Boa;13657;Faculdade;PR
FACULDADE DE ESTUDOS AVANÇADOS DO PARÁ;13663;Faculdade;PA
FACULDADE PITÁGORAS DE GOIÂNIA;13684;Faculdade;GO
FACULDADE DE CIÊNCIAS CONTÁBEIS E ADMINISTRATIVAS DE CACHOEIRO DO ITAPEMIRIM;13717;Faculdade;ES
"FACULDADE DE COMUNICAÇÃO E DESIGN ""OSWALDO CRUZ""";13728;Faculdade;SP
FACULDADE DIVINÓPOLIS;13743;Faculdade;MG
FACULDADE GUAIANÁS;13749;Faculdade;SP
FACULDADE DE NOVA ESPERANÇA;13782;Faculdade;PR
FACULDADE AUM;13783;Faculdade;MT
FACULDADE DE TELÊMACO BORBA;13796;Faculdade;PR
Faculdade Presidente Antônio Carlos de Governador Valadares;13809;Faculdade;MG
FACULDADE CUIABÁ;13811;Faculdade;MT
FACULDADE SENAC MINAS;13828;Faculdade;MG
FACULDADE DE DIREITO DE CONSELHEIRO LAFAIETE;13856;Faculdade;MG
Faculdade Cesmac do Sertão;13873;Faculdade;AL
FACULDADE DE TECNOLOGIA DA SERRA GAÚCHA - CAXIAS DO SUL;13897;Faculdade;RS
Faculdade Una de Divinópolis;13938;Faculdade;MG
Faculdade Projeção de Taguatinga Norte;13944;Faculdade;DF
FACULDADE DE JUNDIAÍ;13982;Faculdade;SP
FACULDADES INTEGRADAS DE PONTA PORÃ;14002;Faculdade;MS
FACULDADE DOIS DE JULHO;14028;Faculdade;BA
FACULDADE UNIVERITAS UNIVERSUS VERITAS DE CONTAGEM;14029;Faculdade;MG
FACULDADE MAURÍCIO DE NASSAU DE IMPETRATRIZ;14069;Faculdade;MA
FACULDADE UNIVERITAS UNIVERSUS VERITAS ANÁPOLIS;14090;Faculdade;GO
FACULDADE DO NOROESTE DE MINAS;14101;Faculdade;MG
FACULDADE CENECISTA DE SENHOR DO BONFIM;14115;Faculdade;BA
Faculdade Gran Tietê;14132;Faculdade;SP
FACULDADE DE ENSINO SUPERIOR DA AMAZÔNIA;14133;Faculdade;AP
FACULDADES LONDRINA;14148;Faculdade;PR
FACULDADE DO VALE DO RIO ARINOS;14149;Faculdade;MT
FACULDADE EVOLUÇÃO ALTO OESTE POTIGUAR;14151;Faculdade;RN
FACULDADE SALESIANA DE SANTA TERESA;14156;Faculdade;MS
Faculdade de Ciências e Tecnologia de Janaúba;14157;Faculdade;MG
FACULDADE ANHANGUERA DE RONDONÓPOLIS;14161;Faculdade;MT
FACULDADE MAURÍCIO DE NASSAU DE MACEIÓ;14162;Faculdade;AL
Faculdade IBGEN;14165;Faculdade;RS
FACULDADE DE JOÃO PESSOA (SANTA EMÍLIA DO RODAT);14169;Faculdade;PB
FACULDADE DE MIRANDÓPOLIS;14173;Faculdade;SP
FACULDADE CNEC VARGINHA;14242;Faculdade;MG
FACULDADE SALESIANA DOM BOSCO DE PIRACICABA;14243;Faculdade;SP
Faculdade de Ciências Jurídicas de Pouso Alegre;14246;Faculdade;MG
FACULDADE BETIM;14248;Faculdade;MG
FACULDADE NETWORK;14297;Faculdade;SP
Faculdade de Ciências Jurídicas de Brumado;14313;Faculdade;BA
FACULDADE DE MATO GROSSO;14321;Faculdade;MT
INSTITUTO LUTERANO DE ENSINO SUPERIOR DE PORTO VELHO;14342;Faculdade;RO
FACULDADE ARI DE SÁ;14383;Faculdade;CE
FACULDADES DA FUNDAÇÃO DE ENSINO DE MOCOCA;14401;Faculdade;SP
FACULDADE DE ADMINISTRAÇÃO DE ASSIS;14403;Faculdade;SP
Faculdade Presidente Antônio Carlos de Nova Lima;14412;Faculdade;MG
FACULDADE CIDADE LUZ;14429;Faculdade;SP
FACULDADE DE TECNOLOGIA DE SÃO VICENTE;14622;Faculdade;SP
Soberana Faculdade de Saúde de Petrolina;14715;Faculdade;PE
Faculdade Educamais;14717;Faculdade;SP
FACULDADE DE ARACAJU;14738;Faculdade;SE
FACULDADE DE ESTUDOS SUPERIORES DO MARANHÃO;14858;Faculdade;MA
FACULDADE DE TECNOLOGIA SENAI CAMPO GRANDE;14860;Faculdade;MS
FACULDADE FACCENTRO;14878;Faculdade;RS
FACULDADE DE TECNOLOGIA PORTO SUL;14882;Faculdade;SP
FACULDADE SENAC TUBARÃO;14890;Faculdade;SC
Faculdade Pitágoras de Juiz de Fora;14892;Faculdade;MG
Faculdade Álvares de Azevedo;14901;Faculdade;SP
FACULDADE METROPOLITANA SÃO CARLOS;14927;Faculdade;RJ
FACULDADE ESPÍRITO SANTENSE DE CIÊNCIAS JURÍDICAS;14947;Faculdade;ES
FACULDADE SÃO LUCAS DE CAÇAPAVA;14951;Faculdade;SP
FACULDADE SHALOM DE ENSINO SUPERIOR;14975;Faculdade;MG
FACULDADE FORTIUM SÃO SEBASTIÃO;14996;Faculdade;DF
FACULDADE ISEIB DE BETIM;15032;Faculdade;MG
Favenorte de Porteirinha;15133;Faculdade;MG
CENTRO DE ENSINO SUPERIOR DE ARCOVERDE;15173;Faculdade;PE
CENTRO DE ENSINO SUPERIOR DE CATALÃO;15272;Faculdade;GO
Faculdades Integradas Aparício Carvalho Vilhena;15280;Faculdade;RO
FACULDADE DE OSASCO;15357;Faculdade;SP
INSTITUTO DE ENSINO SUPERIOR DE ALAGOAS;15382;Faculdade;AL
FACULDADE DE TUPÃ;15383;Faculdade;SP
Faculdade Cesmac do Agreste;15401;Faculdade;AL
FACULDADE CIDADE DE APARECIDA DE GOIÂNIA;15410;Faculdade;GO
FACULDADE DE ENSINO SUPERIOR DE MARECHAL CÂNDIDO RONDON;15428;Faculdade;PR
Faculdade CNEC Itajaí;15450;Faculdade;SC
FACULDADE CIDADE DE COROMANDEL;15451;Faculdade;MG
FACULDADE BRASILEIRA DE TECNOLOGIA;15452;Faculdade;BA
Faculdade Favenorte de São Francisco;15453;Faculdade;MG
Faculdade de Ciências Jurídicas de Itapeva;15467;Faculdade;SP
FACULDADE EDUCACIONAL DE CORNÉLIO PROCÓPIO;15468;Faculdade;PR
FACULDADE DE TECNOLOGIA SENAI PERNAMBUCO;15504;Faculdade;PE
Faculdade Avantis de Itapema;15508;Faculdade;SC
TREVISAN ESCOLA SUPERIOR DE NEGÓCIOS;15518;Faculdade;SP
FACULDADE RAIMUNDO MARINHO DE PENEDO;15526;Faculdade;AL
FACULDADE DE CIÊNCIAS ECONÔMICAS DO TRIÂNGULO MINEIRO;15669;Faculdade;MG
FACULDADE DOUTOR FRANCISCO MAEDA;15777;Faculdade;SP
FACULDADE CATUAÍ;15839;Faculdade;PR
FACULDADE DE JUSSARA;15859;Faculdade;GO
FACULDADES INTEGRADAS ADVENTISTAS DE MINAS GERAIS;15894;Faculdade;MG
FACULDADE DE MARÍLIA;16194;Faculdade;SP
FACULDADE ALAGOANA DE ADMINISTRAÇÃO;16245;Faculdade;AL
FACULDADE CENECISTA DE CAPIVARI;16453;Faculdade;SP
FACULDADES INTEGRADAS SÃO JUDAS TADEU;16459;Faculdade;RS
INSTITUTO DE ENSINO SUPERIOR DO RIO GRANDE DO NORTE;16543;Faculdade;RN
Faculdade Católica Paulista;16559;Faculdade;SP
Faculdade do Centro Maranhense;16654;Faculdade;MA
Faculdade de Ciências Jurídicas de Mogi Guaçu;16691;Faculdade;SP
FACULDADE RENOVAÇÃO DE PONTA GROSSA;16728;Faculdade;PR
FACULDADE ARQUIDIOCESANA DE CURVELO;16894;Faculdade;MG
FACULDADE DO LITORAL SUL PAULISTA;16914;Faculdade;SP
FACULDADE DE ENGENHARIA DE MINAS GERAIS - FEAMIG;16943;Faculdade;MG
INSTITUTO APHONSIANO DE ENSINO SUPERIOR;17014;Faculdade;GO
INSTITUTO MACHADENSE DE ENSINO SUPERIOR;17115;Faculdade;MG
Faculdade Presidente Antônio Carlos de Mariana;17116;Faculdade;MG
FACULDADE UNIÃO DE CAMPO MOURÃO;17118;Faculdade;PR
FACULDADE DE ESTUDOS SOCIAIS DO ESPÍRITO SANTO;17224;Faculdade;ES
Faculdade Pitágoras Belo Jardim;17226;Faculdade;PE
FACULDADE LUCIANO FEIJÃO;17277;Faculdade;CE
Faculdade SOCIESC de Balneário Camboriú;17284;Faculdade;SC
Faculdades Unificadas de Cataguases;17326;Faculdade;MG
FACULDADE TECNOLOGIA EDUVALE - AVARÉ;17348;Faculdade;SP
Faculdade Anhanguera de Erechim;17394;Faculdade;RS
FACULDADE SUDOESTE PAULISTANO;17403;Faculdade;SP
FACULDADE DE ILHA SOLTEIRA;17420;Faculdade;SP
INSTITUTO SUPERIOR DE EDUCAÇÃO OCIDENTE;17433;Faculdade;BA
FACULDADE MARANHENSE SÃO JOSÉ DOS COCAIS;17498;Faculdade;MA
FACULDADE HÉLIO ROCHA;17499;Faculdade;BA
FACULDADE DE EDUCAÇÃO DE JARU;17553;Faculdade;RO
Faculdade América;17559;Faculdade;ES
Faculdade Presidente Antônio Carlos de Ubá;17565;Faculdade;MG
FACULDADE DE CIÊNCIAS CONTÁBEIS DE RECIFE;17593;Faculdade;PE
FACULDADES INTEGRADAS CESUMAR DE CURITIBA;17622;Faculdade;PR
Faculdade de Ciências Jurídicas de Alagoinhas;17628;Faculdade;BA
FACULDADES JOÃO PAULO II - PELOTAS;17632;Faculdade;RS
FACULDADE SINOP;17662;Faculdade;MT
INSTITUTO DE EDUCAÇÃO SUPERIOR DE POUSO ALEGRE;17670;Faculdade;MG
FACULDADE MINAS GERAIS;17680;Faculdade;MG
FACULDADE SÃO VICENTE;17749;Faculdade;AL
FACULDADE DE SUMARÉ;17763;Faculdade;SP
Faculdade Presidente Antônio Carlos de Ribeirão das Neves;17775;Faculdade;MG
Faculdade Metropolitana de Florianópolis;17777;Faculdade;SC
Faculdade Maurício de Nassau de Caxias do Sul;17803;Faculdade;RS
FACULDADE MAURÍCIO DE NASSAU DE ITABUNA;17816;Faculdade;BA
FACULDADE METROPOLITANA DE ITAJAÍ;17828;Faculdade;SC
Faculdade Metropolitana do Estado de São Paulo;17831;Faculdade;SP
Faculdade Noroeste do Mato Grosso;17839;Faculdade;MT
FACULDADE DE VITÓRIA;17854;Faculdade;ES
Faculdade Pitágoras da Serra;17887;Faculdade;ES
FACULDADE SALESIANA DO NORDESTE;17896;Faculdade;PE
Faculdade de Araraquara;17933;Faculdade;SP
FACULDADE DE TECNOLOGIA SENAI ROBERTO MANGE;18009;Faculdade;GO
Faculdade de Ciências Jurídicas de Serrinha;18010;Faculdade;BA
FACULDADE DE TECNOLOGIA FAESA - VILA VELHA;18023;Faculdade;ES
FACULDADE INTEGRADA DE LONDRINA;18033;Faculdade;PR
FACULDADE JK - UNIDADE I - GAMA;18034;Faculdade;DF
FACULDADE DE SERTÃOZINHO;18048;Faculdade;SP
Faculdade de Educação e Estudos Sociais de Uberlândia;18051;Faculdade;MG
FACULDADE FACMIL;18059;Faculdade;SP
FACULDADE MAURÍCIO DE NASSAU DE CAMPINAS;18062;Faculdade;SP
FACULDADE BRASILEIRA DE TECNOLOGIA;18065;Faculdade;SE
ESCOLA SUPERIOR DE ADMINISTRAÇÃO DE EMPRESAS;18067;Faculdade;SP
ESCOLA SUPERIOR DE ADMINISTRAÇÃO E GESTÃO STRONG;18073;Faculdade;SP
FACULDADE DE CIÊNCIA E TECNOLOGIA;18075;Faculdade;PR
FACULDADE ESCOLA DE NEGÓCIOS EXCELLENCE;18077;Faculdade;MA
FACULDADE DE CIÊNCIAS HUMANAS DE CRUZEIRO;18114;Faculdade;SP
FACULDADE DE EDUCAÇÃO DE ASSIS;18115;Faculdade;SP
FACULDADE METODISTA DE SANTA MARIA;18133;Faculdade;RS
Faculdade de Ciências Jurídicas de Guanambi;18147;Faculdade;BA
FACULDADE DE CIÊNCIAS SOCIAIS APLICADAS;18148;Faculdade;MT
Faculdade  São Joaquim da Barra;18201;Faculdade;SP
FACULDADE DE ORLÂNDIA;18208;Faculdade;SP
Faculdade Presidente Antônio Carlos de Itanhandu;18253;Faculdade;MG
FACULDADE DE CIÊNCIAS MÉDICAS E DA SAÚDE DE JUIZ DE FORA;18290;Faculdade;MG
FACULDADES JOÃO PAULO II;18296;Faculdade;RS
Faculdade Presidente Antônio Carlos de Itambacuri;18372;Faculdade;MG
FACULDADE DE CIÊNCIAS HUMANAS DE PERNAMBUCO;18383;Faculdade;PE
INSTITUTO DE ENSINO SUPERIOR DE GARÇA;18454;Faculdade;SP
FACULDADE DE SÃO BERNARDO DO CAMPO;18462;Faculdade;SP
Faculdade Israelita de Ciências da Saúde Albert Einstein;18471;Faculdade;SP
FACULDADE DE ECONOMIA E PROCESSAMENTO DE DADOS DE FOZ DO IGUAÇU;18474;Faculdade;PR
FACULDADE CATÓLICA DE ANÁPOLIS;18490;Faculdade;GO
FACULDADES DO VALE DO ARARANGUA - FVA;18526;Faculdade;SC
Faculdade Pitágoras de Luziânia;18623;Faculdade;GO
FACULDADE DE CIÊNCIAS HUMANAS E BIOLÓGICAS E DA SAÚDE;18625;Faculdade;MT
Faculdades Doctum de Guarapari;18626;Faculdade;ES
FACULDADE PROMOVE DE CURVELO;18627;Faculdade;MG
FACULDADE JK BRASÍLIA -SAMAMBAIA;18628;Faculdade;DF
Faculdade Presidente Antônio Carlos de Leopoldina;18631;Faculdade;MG
Faculdades Magsul;18636;Faculdade;MS
Faculdade Estácio Cotia;18639;Faculdade;SP
Faculdade CNEC de Educação de Uberaba;18642;Faculdade;MG
FACULDADES JOÃO PAULO II - Campus Porto Alegre;18643;Faculdade;RS
FACULDADE DO ACRE;18649;Faculdade;AC
FACULDADE DE ADMINISTRAÇÃO CIÊNCIAS ECON E CONTÁBEIS DE GUARATINGUETÁ;18652;Faculdade;SP
FACULDADE DA REGIÃO SERRANA;18653;Faculdade;ES
FACULDADE DO INSTITUTO SUPERIOR DE EDUCAÇÃO - ISE;18659;Faculdade;PR
FACULDADE DE INFORMÁTICA DO RECIFE;18667;Faculdade;PE
FACULDADE EVANGÉLICA DE JARAGUÁ;18684;Faculdade;GO
Faculdade de Ciências Jurídicas de Campina Grande;18700;Faculdade;PB
ALFA - Faculdade de Almenara;18708;Faculdade;MG
FACULDADE PRAIA GRANDE;18711;Faculdade;SP
FACULDADE FILADÉLFIA;18714;Faculdade;SP
Faculdade Maurício de Nassau de Uberlândia;18716;Faculdade;MG
FACULDADE CNEC ITABORAÍ;18726;Faculdade;RJ
FACULDADE SÃO BENTO DA BAHIA;18735;Faculdade;BA
Faculdade Uninassau Patos;18814;Faculdade;PB
Faculdade Maurício de Nassau de Betim;18874;Faculdade;MG
FACULDADE VICTOR HUGO;18896;Faculdade;MG
FACULDADE DE ADMINISTRAÇÃO MILTON CAMPOS;18956;Faculdade;MG
FACULDADE METROPOLITANA DE CAMAQUÃ;18978;Faculdade;RS
FACULDADE PERNAMBUCANA DE SAÚDE ;19172;Faculdade;PE
Faculdade de Ciências de Timbaúba;19189;Faculdade;PE
ESCOLA SUPERIOR DE SAÚDE DE ARCOVERDE;19255;Faculdade;PE
INSTITUTO DE ENSINO SUPERIOR SANTA CECÍLIA;19256;Faculdade;AL
FACULDADE DE ADMINISTRAÇÃO E NEGÓCIOS;19257;Faculdade;AL
FACULDADE DE ADMINISTRAÇÃO DA FESPSP;19260;Faculdade;SP
FACULDADE AMADEUS;19272;Faculdade;SE
FACULDADE EUGÊNIO GOMES;19283;Faculdade;BA
FACULDADE DE AURIFLAMA;19284;Faculdade;SP
FACULDADE JK - UNIDADE II - GAMA;19287;Faculdade;DF
FACULDADE ANTÔNIO MENEGHETTI;19297;Faculdade;RS
Faculdade de Paraíso do Norte;19298;Faculdade;PR
Faculdade Vidal de Limoeiro;19323;Faculdade;CE
Faculdade Guairacá de Prudentópolis;19324;Faculdade;PR
FACULDADE EUROPÉIA DE ADMINISTRAÇÃO E MARKETING;19327;Faculdade;PE
ESCOLA SUPERIOR DE ARTES CÉLIA HELENA;19329;Faculdade;SP
Faculdade Pitágoras de Jaboatão dos Guararapes;19331;Faculdade;PE
FACULDADE PIAUIENSE DE PROCESSAMENTO DE DADOS;19335;Faculdade;PI
FACULDADE DE ITÁPOLIS - FACITA;19337;Faculdade;SP
FACULDADE DE PENÁPOLIS;19343;Faculdade;SP
Centro de Ensino Superior de Conselheiro Lafaiete;19375;Faculdade;MG
FACULDADE SABERES;19404;Faculdade;ES
INSTITUTO SUPERIOR DE EDUCAÇÃO DO CENTRO EDUCACIONAL NOSSA SENHORA AUXILIADORA;19408;Faculdade;RJ
Faculdade Pitágoras de Paragominas;19476;Faculdade;PA
"Faculdade de Ciências; Educação e Teologia do Norte do Brasil ";19512;Faculdade;RR
FACULDADE ATENAS PASSOS;19542;Faculdade;MG
FACULDADE DE TECNOLOGIA FRANCISCO MORATO;19555;Faculdade;SP
Faculdade Pitágoras de Irecê;19587;Faculdade;BA
FACULDADE DE CIÊNCIAS ECONÔMICAS;19597;Faculdade;SP
FACULDADE DOM ALBERTO;19607;Faculdade;RS
Faculdade Metropolitana de Maracanaú;19632;Faculdade;CE
FACULDADE DE BARUERI;19674;Faculdade;SP
FACULDADE CAL DE ARTES CÊNICAS;19733;Faculdade;RJ
"FACULDADE FELUMA - SAÚDE; TECNOLOGIA E CIÊNCIA";19735;Faculdade;MG
Faculdade Waldir Filho;19781;Faculdade;MA
FACULDADE DE SAÚDE SANTO AGOSTINHO DE VITÓRIA DA CONQUISTA;19783;Faculdade;BA
FACULDADE CNEC RIO DAS OSTRAS;19785;Faculdade;RJ
FACULDADE DE TECNOLOGIA SENAI ÍTALO BOLOGNA;19786;Faculdade;GO
FACULDADE PRINCESA DO OESTE;19787;Faculdade;CE
Faculdade Dom Pedro II de Barreiras;19791;Faculdade;BA
FACULDADE EVANGÉLICA DE SENADOR CANEDO;19842;Faculdade;GO
FACULDADE DE CIÊNCIAS DO TOCANTINS;19844;Faculdade;TO
FACULDADE DE SÃO MARCOS;19846;Faculdade;RS
Faculdade Sapiens;19851;Faculdade;RO
FACULDADE DE ENSINO SUPERIOR SANTA BARBARA;19853;Faculdade;SP
FACULDADE SÃO CAMILO;19865;Faculdade;BA
FACULDADE SENAC CHAPECÓ;19866;Faculdade;SC
FACULDADE MAURÍCIO DE NASSAU SÃO BERNARDO DO CAMPO;19943;Faculdade;SP
FACULDADE INTERMUNICIPAL DO NOROESTE DO PARANÁ;19945;Faculdade;PR
"FACULDADE DE CIÊNCIAS HUMANAS;EXATAS E DA SAÚDE DO PIAUÍ";19963;Faculdade;PI
FACULDADES PEQUENO PRÍNCIPE;19966;Faculdade;PR
FACULDADE DE CIÊNCIAS GERENCIAIS E EMPREENDEDORISMO - FACIGE;20090;Faculdade;MG
FACULDADE INTEGRADA DAS CATARATAS;20105;Faculdade;PR
FACULDADE DE SOROCABA;20110;Faculdade;SP
FACULDADE DO VALE ELVIRA DAYRELL - FAVED;20200;Faculdade;MG
FACULDADE DE CIÊNCIAS HUMANAS DE CURVELO;20322;Faculdade;MG
FACULDADE DE TECNOLOGIA SENAI DE DESENVOLVIMENTO GERENCIAL;20330;Faculdade;GO
FACULDADE DE RECIFE;20494;Faculdade;PE
FACULDADE DE DIREITO DE CACHOEIRO DO ITAPEMIRIM;20499;Faculdade;ES
FACULDADE UNIME DE CIÊNCIAS JURÍDICAS;20532;Faculdade;BA
Faculdade de Ciências Médicas Aggeu Magalhães;20541;Faculdade;PE
FACULDADE REINALDO RAMOS;20547;Faculdade;PB
FACULDADE DE MEDICINA DE BARBACENA;20548;Faculdade;MG
FACULDADES NETWORK - CAMPUS SUMARÉ;20561;Faculdade;SP
FACULDADE DE DIREITO DE TANGARÁ DA SERRA;20574;Faculdade;MT
FACULDADE PRUDENTE DE MORAES;20587;Faculdade;SP
FACULDADE ATENAS SETE LAGOAS;20591;Faculdade;MG
FACULDADE DE CIÊNCIAS APLICADAS DE LIMOEIRO;20605;Faculdade;PE
FACULDADE DE CIÊNCIAS DA ADMINISTRAÇÃO DE GARANHUNS;20606;Faculdade;PE
FACULDADE FIA DE ADMINISTRAÇÃO E NEGÓCIOS;20607;Faculdade;SP
Faculdade do Complexo Educacional Santo André;20636;Faculdade;RN
FACULDADE DE BIBLIOTECONOMIA E CIÊNCIA DA INFORMAÇÃO;20643;Faculdade;SP
FACULDADE BRASILIENSE DE NEGÓCIOS;20700;Faculdade;DF
FACITEN - FACULDADE DE CIÊNCIAS E TECNOLOGIAS DE NATAL;21108;Faculdade;RN
Faculdade Estácio de Alagoinhas;21238;Faculdade;BA
FACULDADE DE MEDICINA DE ITAJUBÁ;21239;Faculdade;MG
FACULDADE DO CARIRI PARAIBANO;21240;Faculdade;PB
FACULDADE PIO DECIMO DE CANINDE DO SAO FRANCISCO;21262;Faculdade;SE
FACULDADE CENECISTA DE SETE LAGOAS;21275;Faculdade;MG
Faculdade Novoeste;21280;Faculdade;MS
Faculdade Pitágoras de Bom Jesus da Lapa;21281;Faculdade;BA
Faculdade de Ciências de Goiana;21365;Faculdade;PE
FACULDADE BARDDAL DE CIÊNCIAS CONTÁBEIS;21367;Faculdade;SC
FACULDADE DE TECNOLOGIA TECMED;21368;Faculdade;SP
INSTITUTO SUPERIOR DE EDUCAÇÃO DE GARÇA;21371;Faculdade;SP
FACULDADE SÃO TOMAZ DE AQUINO;21398;Faculdade;BA
FACULDADE ITANHAÉM;21399;Faculdade;SP
FACULDADE DE EDUCAÇÃO DE GUARATINGUETÁ;21415;Faculdade;SP
Faculdade SENAI da Paraíba;21426;Faculdade;PB
FACULDADE UNIRB - TERESINA;21502;Faculdade;PI
Instituto Politécnico Doctum de Guarapari;21553;Faculdade;ES
FACULDADE LABORO;21554;Faculdade;MA
FACULDADE SANTO AGOSTINHO DE ITABUNA;21586;Faculdade;BA
FACULDADE TRÊS PONTAS;21587;Faculdade;MG
FACULDADE TIRADENTES DE JABOATÃO DOS GUARARAPES;21589;Faculdade;PE
TREVISAN ESCOLA SUPERIOR DE NEGÓCIOS-;21593;Faculdade;SP
Faculdade Via Sapiens;21675;Faculdade;CE
"FACULDADE DE TEOLOGIA; FILOSOFIA E CIÊNCIAS HUMANAS GAMALIEL";21676;Faculdade;PA
FACULDADE DE FILOSOFIA CIÊNCIAS E LETRAS CARLOS QUEIROZ;21687;Faculdade;SP
FACULDADE VITORIANA DE CIÊNCIAS CONTÁBEIS;21691;Faculdade;ES
Faculdade de Ciências Médicas de Três Rios;21693;Faculdade;RJ
Faculdade de Tecnologia SENAI Dourados;21764;Faculdade;MS
FACULDADE LUTERANA RUI BARBOSA;21834;Faculdade;PR
ATOPP BRASIL FACULDADE DE NEGÓCIOS;21877;Faculdade;PR
FACULDADE COTEMIG;21878;Faculdade;MG
Facudade de Morrinhos;21882;Faculdade;GO
FACULDADE DE DIREITO DO SUL DE MINAS;21892;Faculdade;MG
FACULDADE DE DIREITO UNIDADE GUARAPARI;21900;Faculdade;ES
Faculdade Pitágoras de Medicina de Eunápolis;21924;Faculdade;BA
Faculdade Pitágoras de Alagoinhas;21938;Faculdade;BA
FACULDADE DE ARAÇATUBA;21955;Faculdade;SP
FACULDADE DE CIÊNCIAS SOCIAIS APLICADAS DE MINAS GERAIS;21956;Faculdade;MG
Faculdade Paulista de Serviço Social de São Caetano do Sul;21992;Faculdade;SP
Faculdade Comercial de Serrinha;22000;Faculdade;BA
Faculdade de Ciências Médicas de São José dos Campos;22059;Faculdade;SP
INSTITUTO SUPERIOR DE EDUCAÇÃO ALMEIDA RODRIGUES;22076;Faculdade;GO
FACULDADE DE CIÊNCIAS HUMANAS DE ITABIRA;22088;Faculdade;MG
Faculdade Doctum de Carangola;22093;Faculdade;MG
ESCOLA SUPERIOR DE AVIAÇÃO CIVIL;22100;Faculdade;PB
INSTITUTO SUPERIOR DE EDUCAÇÃO SANTA RITA DE CÁSSIA;22104;Faculdade;GO
Faculdade Presidente Antônio Carlos de Bocaiúva;22121;Faculdade;MG
FACULDADE DE BELÉM;22124;Faculdade;PA
FACULDADE DE CIÊNCIAS AGRÁRIAS DE ARARIPINA;22127;Faculdade;PE
FACULDADE DE CIÊNCIAS AGRÁRIAS DE ANDRADINA;22128;Faculdade;SP
FACULDADE PARAIBANA DE PROCESSAMENTO DE DADOS;22129;Faculdade;PB
Faculdade de Direito de Ipatinga;22136;Faculdade;MG
FACULDADE WENCESLAU BRAZ;22153;Faculdade;MG
Faculdade de Direito 8 de Julho;22157;Faculdade;SE
Faculdade de Ciências da Saúde de Serra Talhada;22170;Faculdade;PE
Faculdade Plus;22175;Faculdade;CE
FACULDADE DE FILOSOFIA CIÊNCIAS E LETRAS DE CONGONHAS;22191;Faculdade;MG
FACULDADE DE COMUNICAÇÃO PITÁGORAS UNIDADE GUARAPARI;22194;Faculdade;ES
FACULDADE DE MEDICINA DE PETRÓPOLIS;22197;Faculdade;RJ
FACULDADE DE CORNÉLIO PROCÓPIO;22202;Faculdade;PR
INSTITUTO METROPOLITANO DE ENSINO SUPERIOR;22219;Faculdade;MG
FACULDADE DE ADMINISTRAÇÃO DE CATAGUASES;22227;Faculdade;MG
FACULDADE DE CIÊNCIAS BIOMÉDICAS DO ESPÍRITO SANTO;22229;Faculdade;ES
SOBRESP - Faculdade de Ciências da Saúde;22235;Faculdade;RS
FACULDADE DE CURITIBA;22245;Faculdade;PR
FACULDADE GIANNA BERETTA;22514;Faculdade;MA